img_path,top_left_col,top_left_row,top_right_col,top_right_row,bot_right_col,bot_right_row,bot_left_col,bot_left_row,age,age_pred,age_risk
00000_005613.jpg,17,20,248,-12,281,218,50,251,19,22,7.59
00001_005614.jpg,-35,84,861,7,938,903,41,980,76,72,5.43
00002_005615.jpg,-13,-30,365,-34,370,345,-9,349,40,52,7.85
00003_005616.jpg,78,132,814,77,869,812,134,868,21,20,3.50
00004_005617.jpg,112,113,831,24,920,743,201,832,34,14,5.61
00005_005618.jpg,27,13,192,17,187,183,22,178,36,47,6.22
00006_005619.jpg,-28,46,221,-27,294,222,45,295,36,30,4.38
00007_005620.jpg,-8,120,893,44,969,947,66,1023,52,50,4.60
00008_005621.jpg,23,32,145,18,159,141,36,154,16,17,1.05
00009_005622.jpg,60,18,225,37,205,202,40,183,59,55,7.28
00010_005623.jpg,-23,-103,903,-8,808,918,-118,823,53,59,5.08
00011_005624.jpg,-15,-119,787,-14,682,787,-120,682,32,27,5.64
00012_005625.jpg,-23,67,936,32,971,992,11,1027,27,21,4.47
00013_005626.jpg,185,69,411,10,471,237,244,296,22,23,2.89
00014_005627.jpg,49,11,553,-59,624,444,120,515,32,34,3.82
00015_005628.jpg,-25,58,328,-21,408,332,54,412,89,75,4.02
00016_005629.jpg,-6,126,994,-17,1139,984,137,1128,15,16,0.95
00017_005630.jpg,-6,41,200,14,227,221,20,248,35,39,7.02
00018_005631.jpg,34,-32,304,36,234,306,-34,236,43,54,5.40
00019_005632.jpg,84,104,960,35,1029,910,153,980,28,30,3.61
00020_005633.jpg,247,118,749,41,826,542,325,619,41,35,4.43
00021_005634.jpg,12,12,311,12,311,312,12,312,19,19,2.76
00022_005635.jpg,291,123,391,44,470,145,370,224,33,36,7.34
00023_005636.jpg,106,-18,199,-32,212,60,119,74,20,26,2.96
00024_005637.jpg,41,23,133,34,122,127,29,115,51,52,6.35
00025_005638.jpg,14,50,245,27,268,257,38,281,27,29,3.51
00026_005639.jpg,2,10,85,3,92,86,9,93,69,62,6.89
00027_005640.jpg,196,-14,362,31,316,196,150,150,38,37,5.30
00028_005641.jpg,143,22,325,66,281,248,99,203,27,22,3.79
00029_005642.jpg,201,135,738,93,780,630,243,672,52,54,3.76
00030_005643.jpg,140,174,751,103,821,713,211,784,55,57,4.60
00031_005644.jpg,184,-55,1209,28,1125,1054,100,970,73,66,5.61
00032_005645.jpg,164,143,741,180,703,757,127,719,53,56,3.25
00033_005646.jpg,19,21,123,14,131,118,27,125,14,16,0.98
00034_005647.jpg,65,-45,368,-9,333,293,30,257,23,37,6.53
00035_005648.jpg,83,12,259,24,248,201,71,189,47,44,11.33
00036_005649.jpg,436,101,909,-1,1013,471,539,575,31,29,5.73
00037_005650.jpg,137,177,302,170,309,336,144,343,14,12,1.54
00038_005651.jpg,-116,-69,575,-145,651,545,-39,622,21,23,4.90
00039_005652.jpg,440,733,639,706,666,905,467,932,58,60,7.99
00040_005653.jpg,221,-18,651,1,631,431,200,411,32,33,5.24
00041_005654.jpg,176,129,759,85,803,668,220,712,32,28,4.75
00042_005655.jpg,108,148,1068,196,1021,1156,61,1108,43,37,5.53
00043_005656.jpg,-13,-15,283,-22,289,274,-7,280,28,30,3.66
00044_005657.jpg,233,-47,637,42,548,446,144,357,33,44,4.33
00045_005658.jpg,203,59,864,111,812,773,151,721,51,53,6.01
00046_005659.jpg,160,71,425,82,414,347,149,336,36,35,5.44
00047_005660.jpg,73,167,649,42,773,618,198,743,23,18,2.20
00048_005661.jpg,102,2,187,0,189,85,104,87,14,40,10.70
00049_005662.jpg,19,0,280,10,270,271,9,262,33,45,7.27
00050_005663.jpg,82,310,549,230,629,698,161,777,53,51,5.02
00051_005664.jpg,27,20,165,18,167,156,28,158,16,17,2.58
00052_005665.jpg,-8,-69,502,-41,474,469,-36,441,35,40,6.74
00053_005666.jpg,173,-10,450,31,407,308,131,265,48,49,3.28
00054_005667.jpg,-8,216,127,219,124,355,-12,352,65,81,3.89
00055_005668.jpg,100,205,1006,197,1014,1103,108,1111,53,47,5.40
00056_005669.jpg,28,103,315,-8,427,277,140,390,38,30,10.18
00057_005670.jpg,264,85,914,83,917,732,267,735,52,54,4.76
00058_005671.jpg,18,19,137,4,152,124,33,138,14,16,1.26
00059_005672.jpg,6,20,186,-2,209,177,29,200,21,25,4.28
00060_005673.jpg,136,121,465,88,498,417,169,450,79,73,7.17
00061_005674.jpg,-2,13,215,-12,241,204,24,231,36,28,5.18
00062_005675.jpg,43,29,281,18,291,256,54,267,56,56,3.44
00063_005676.jpg,30,-98,949,147,704,1066,-215,821,33,36,4.62
00064_005677.jpg,-33,-34,265,-40,271,258,-27,264,51,69,7.89
00065_005678.jpg,104,5,291,82,215,269,28,192,43,35,3.47
00066_005679.jpg,15,80,660,49,691,694,47,725,29,32,5.82
00067_005680.jpg,189,41,868,87,821,765,143,719,31,30,3.91
00068_005681.jpg,45,0,314,20,293,289,24,268,41,42,7.18
00069_005682.jpg,376,78,693,61,710,378,393,395,57,46,5.46
00070_005683.jpg,20,-3,208,12,192,199,5,184,23,24,3.14
00071_005684.jpg,-250,58,677,17,718,946,-209,987,34,30,4.05
00072_005685.jpg,202,108,714,82,740,595,228,621,27,24,2.85
00073_005686.jpg,190,-92,387,-43,338,153,142,104,22,43,15.27
00074_005687.jpg,66,1,565,47,520,545,21,500,41,45,4.96
00075_005688.jpg,63,-63,451,-27,415,360,27,324,7,5,2.53
00076_005689.jpg,33,37,117,29,125,114,40,122,24,28,5.75
00077_005690.jpg,225,76,344,79,341,198,222,195,27,21,4.31
00078_005691.jpg,-17,3,239,-25,268,232,11,260,24,35,4.80
00079_005692.jpg,-1,21,235,-13,271,223,34,259,58,68,7.34
00080_005693.jpg,64,93,348,85,356,370,72,377,19,32,5.75
00081_005694.jpg,37,13,171,27,156,161,22,147,15,18,0.95
00082_005695.jpg,185,51,339,29,361,183,207,205,40,49,2.86
00083_005696.jpg,22,14,175,15,174,168,21,167,25,20,3.11
00084_005697.jpg,172,120,624,67,677,519,225,572,42,50,3.74
00085_005698.jpg,-29,236,195,189,241,414,17,460,47,44,5.53
00086_005699.jpg,191,28,954,110,872,874,108,791,41,32,8.22
00087_005700.jpg,220,44,331,45,330,157,219,156,89,88,2.51
00088_005701.jpg,6,16,204,-8,229,190,30,215,28,37,6.86
00089_005702.jpg,359,35,954,216,773,812,178,631,42,45,5.14
00090_005703.jpg,98,42,304,107,240,313,34,249,89,84,2.74
00091_005704.jpg,-58,37,436,-33,506,461,12,531,27,29,4.44
00092_005705.jpg,-27,-46,390,-37,381,379,-35,371,43,45,7.32
00093_005706.jpg,-67,44,372,0,416,440,-23,484,28,28,4.39
00094_005707.jpg,320,136,569,83,621,332,372,384,33,24,4.04
00095_005708.jpg,216,89,754,60,783,598,245,627,28,31,6.44
00096_005709.jpg,30,20,141,18,143,130,32,132,75,52,4.44
00097_005710.jpg,1,37,160,-4,203,154,43,197,88,90,5.06
00098_005711.jpg,397,201,777,175,802,555,422,581,32,35,10.38
00099_005712.jpg,35,14,153,27,141,146,22,133,13,13,1.31
00100_005713.jpg,99,58,468,84,443,453,74,428,30,45,7.02
00101_005714.jpg,10,58,180,31,206,201,36,228,56,57,4.31
00102_005715.jpg,135,68,835,105,798,804,99,767,47,53,4.33
00103_005716.jpg,88,40,557,115,482,585,13,510,32,32,6.55
00104_005717.jpg,36,36,121,32,125,116,40,120,14,20,6.11
00105_005718.jpg,-6,31,236,-7,274,235,32,274,27,38,4.14
00106_005719.jpg,595,95,858,196,757,459,494,358,61,47,4.96
00107_005720.jpg,-124,154,756,60,850,941,-30,1035,17,18,2.62
00108_005721.jpg,7,52,123,26,149,141,33,167,48,45,4.31
00109_005722.jpg,116,12,231,8,235,124,120,128,24,26,3.04
00110_005723.jpg,17,42,215,15,242,213,44,239,20,19,3.08
00111_005724.jpg,-11,117,589,70,637,672,35,719,44,44,6.23
00112_005725.jpg,29,29,137,22,144,129,37,137,9,9,0.69
00113_005726.jpg,24,5,443,54,394,473,-24,424,36,25,2.91
00114_005727.jpg,251,50,677,15,711,442,285,476,24,26,3.53
00115_005728.jpg,16,108,412,62,457,457,62,503,21,8,2.21
00116_005729.jpg,34,25,119,21,123,105,38,109,35,40,5.47
00117_005730.jpg,-11,-15,294,-23,301,282,-4,290,28,27,2.92
00118_005731.jpg,29,33,114,25,122,110,37,118,14,12,1.64
00119_005732.jpg,12,7,189,-26,223,151,45,184,77,73,4.59
00120_005733.jpg,323,55,665,42,678,385,335,398,36,46,7.20
00121_005734.jpg,-51,44,171,21,195,244,-27,267,41,41,4.48
00122_005735.jpg,104,102,528,67,563,491,139,526,21,21,1.96
00123_005736.jpg,31,43,653,55,641,677,19,665,46,57,5.26
00124_005737.jpg,255,45,907,32,920,683,268,697,28,27,5.85
00125_005738.jpg,61,49,364,9,403,313,100,352,32,33,5.64
00126_005739.jpg,206,103,921,124,900,838,186,818,35,34,5.56
00127_005740.jpg,3,-24,295,-13,283,278,-8,267,32,29,4.04
00128_005741.jpg,217,88,620,64,644,467,242,491,46,35,8.55
00129_005742.jpg,219,69,625,183,511,589,105,475,32,30,7.14
00130_005743.jpg,3,40,174,-8,222,162,52,210,47,42,7.05
00131_005744.jpg,61,-7,222,46,168,208,7,153,24,24,3.42
00132_005745.jpg,310,60,773,83,750,546,287,523,45,48,3.99
00133_005746.jpg,38,29,123,30,121,115,36,113,74,80,6.70
00134_005747.jpg,191,39,939,50,929,799,180,788,34,30,3.49
00135_005748.jpg,-100,221,812,94,939,1008,25,1134,48,29,4.25
00136_005749.jpg,33,81,305,40,346,313,73,354,33,40,4.95
00137_005750.jpg,190,-5,391,-2,388,197,187,194,15,50,8.11
00138_005751.jpg,209,-10,294,-14,298,70,213,74,19,34,8.90
00139_005752.jpg,53,149,483,125,507,554,78,579,40,50,8.38
00140_005753.jpg,337,289,496,112,673,271,514,448,34,43,10.31
00141_005754.jpg,-159,101,15,-59,176,115,1,276,5,6,6.17
00142_005755.jpg,337,-275,615,169,170,447,-107,2,17,26,7.18
00143_005756.jpg,32,41,1068,88,1021,1123,-14,1076,30,28,3.84
00144_005757.jpg,126,-56,562,-21,527,414,91,379,22,31,5.15
00145_005758.jpg,114,12,291,12,291,189,114,189,13,10,1.60
00146_005759.jpg,-8,20,199,-19,240,188,32,228,39,47,5.31
00147_005760.jpg,-24,-39,421,-51,432,394,-12,406,52,25,5.95
00148_005761.jpg,77,34,291,15,310,230,95,249,36,52,6.25
00149_005762.jpg,349,10,798,-20,830,428,380,460,48,51,4.81
00150_005763.jpg,-170,24,861,1,884,1033,-147,1056,33,30,3.43
00151_005764.jpg,22,38,114,18,134,110,42,130,28,19,6.98
00152_005765.jpg,344,65,874,167,772,697,243,595,31,44,2.61
00153_005766.jpg,150,10,231,15,225,97,144,91,22,27,3.49
00154_005767.jpg,66,-10,646,6,629,586,49,569,33,37,5.18
00155_005768.jpg,124,36,591,5,622,471,155,502,42,28,5.42
00156_005769.jpg,189,40,400,37,403,249,192,252,86,89,2.89
00157_005770.jpg,-15,65,140,29,176,185,20,221,38,31,4.80
00158_005771.jpg,93,5,715,0,721,621,99,627,43,50,4.39
00159_005772.jpg,40,40,818,-60,919,717,141,818,66,70,3.95
00160_005773.jpg,178,143,393,135,401,351,186,359,29,17,2.40
00161_005774.jpg,24,-8,236,12,215,224,3,203,38,25,7.29
00162_005775.jpg,89,-33,329,16,279,256,39,206,44,51,5.86
00163_005776.jpg,150,133,285,142,276,277,141,267,94,80,5.01
00164_005777.jpg,54,0,237,6,232,189,48,184,34,38,6.57
00165_005778.jpg,73,40,1029,66,1004,1022,48,996,52,54,5.35
00166_005779.jpg,88,61,407,28,439,347,120,380,73,71,6.15
00167_005780.jpg,250,57,723,27,753,499,280,529,46,31,5.84
00168_005781.jpg,234,10,361,49,322,175,195,137,23,35,7.22
00169_005782.jpg,92,149,1070,243,976,1222,-2,1127,58,66,5.22
00170_005783.jpg,23,94,293,19,368,290,98,365,21,25,2.95
00171_005784.jpg,295,220,533,161,592,399,355,458,20,17,3.62
00172_005785.jpg,30,26,157,25,158,152,31,153,26,22,1.40
00173_005786.jpg,142,39,497,25,512,380,157,395,38,40,5.36
00174_005787.jpg,153,63,522,60,525,429,156,432,34,32,4.85
00175_005788.jpg,0,92,166,-4,263,162,96,259,30,25,4.15
00176_005789.jpg,-8,31,179,23,186,211,0,218,62,68,7.40
00177_005790.jpg,264,-12,459,39,408,234,212,182,24,32,9.98
00178_005791.jpg,23,14,130,4,141,111,33,122,24,23,3.38
00179_005792.jpg,34,27,119,31,115,115,30,111,4,2,0.67
00180_005793.jpg,171,2,348,46,303,222,127,178,21,18,5.77
00181_005794.jpg,77,73,430,55,449,408,95,426,46,46,5.44
00182_005795.jpg,-7,-37,426,-39,429,393,-4,396,53,57,5.91
00183_005796.jpg,256,98,778,104,772,626,250,620,34,31,6.53
00184_005797.jpg,68,65,545,67,543,543,66,541,41,32,3.48
00185_005798.jpg,267,-51,1065,119,893,917,96,745,43,40,4.97
00186_005799.jpg,194,-49,770,-104,826,471,249,527,26,23,4.00
00187_005800.jpg,30,15,153,19,149,142,26,138,4,4,0.50
00188_005801.jpg,-69,-13,381,-63,431,388,-19,438,27,24,3.70
00189_005802.jpg,2,34,167,2,199,167,34,199,39,49,4.73
00190_005803.jpg,27,18,184,17,185,175,28,176,24,27,10.05
00191_005804.jpg,26,0,209,22,187,205,4,184,19,22,3.34
00192_005805.jpg,210,-15,663,69,578,522,125,437,54,51,5.51
00193_005806.jpg,118,82,293,58,316,234,141,257,97,88,3.49
00194_005807.jpg,292,43,722,37,728,467,297,473,41,53,3.86
00195_005808.jpg,37,31,122,31,122,116,37,116,80,80,6.36
00196_005809.jpg,220,70,419,22,467,221,268,269,93,85,4.34
00197_005810.jpg,-38,10,289,-51,350,277,22,338,66,76,6.94
00198_005811.jpg,13,12,239,-5,257,219,31,238,22,22,5.55
00199_005812.jpg,138,54,265,57,262,184,135,181,31,29,2.82
00200_005813.jpg,-255,272,843,-14,1130,1084,31,1371,34,38,3.98
00201_005814.jpg,31,-28,239,24,186,233,-21,180,38,46,7.03
00202_005815.jpg,71,118,432,52,498,413,137,479,41,41,7.41
00203_005816.jpg,112,28,515,48,495,451,92,431,24,26,4.34
00204_005817.jpg,176,98,288,86,299,198,188,210,27,19,5.84
00205_005818.jpg,358,62,589,65,586,295,355,292,28,25,3.84
00206_005819.jpg,89,104,496,96,504,504,97,511,36,44,4.92
00207_005820.jpg,180,126,275,96,306,191,211,221,34,15,1.73
00208_005821.jpg,114,6,465,-43,514,307,163,356,29,24,3.21
00209_005822.jpg,-13,52,171,-14,238,170,53,237,28,29,3.51
00210_005823.jpg,450,161,538,147,552,235,464,249,13,11,1.66
00211_005824.jpg,114,6,285,95,196,267,25,178,61,66,4.95
00212_005825.jpg,-10,91,254,65,280,329,15,355,42,45,3.18
00213_005826.jpg,22,14,179,11,182,168,25,171,37,31,5.28
00214_005827.jpg,131,9,458,0,467,327,140,336,39,45,5.67
00215_005828.jpg,49,71,719,-1,793,668,122,742,47,44,4.13
00216_005829.jpg,193,-3,1253,40,1209,1100,149,1056,57,53,6.31
00217_005830.jpg,18,22,157,10,170,150,30,162,39,51,5.69
00218_005831.jpg,194,81,872,14,939,692,261,759,22,20,3.45
00219_005832.jpg,41,26,145,36,135,139,32,130,24,32,5.24
00220_005833.jpg,251,74,358,70,362,177,255,181,14,18,3.14
00221_005834.jpg,-32,-21,389,-42,410,378,-11,399,53,54,4.48
00222_005835.jpg,126,20,615,50,586,539,96,510,37,45,2.76
00223_005836.jpg,104,-8,259,7,244,162,89,146,36,29,3.89
00224_005837.jpg,158,11,496,55,451,393,113,349,32,28,4.80
00225_005838.jpg,87,159,395,171,383,479,75,467,43,41,11.21
00226_005839.jpg,-43,128,768,43,853,854,42,939,43,40,4.71
00227_005840.jpg,171,2,328,5,325,163,168,160,13,15,3.08
00228_005841.jpg,-9,41,701,39,703,750,-7,752,56,61,7.10
00229_005842.jpg,53,35,295,32,298,274,56,277,65,56,2.54
00230_005843.jpg,29,-23,286,14,248,270,-7,233,38,29,4.28
00231_005844.jpg,188,112,814,107,819,733,193,738,59,56,5.72
00232_005845.jpg,199,34,455,26,463,281,208,290,29,45,4.64
00233_005846.jpg,136,65,255,57,264,176,145,184,23,27,4.12
00234_005847.jpg,140,21,447,30,439,337,132,328,15,16,1.80
00235_005848.jpg,35,26,130,26,130,120,35,120,40,46,5.00
00236_005849.jpg,59,9,125,13,121,79,55,75,62,53,8.94
00237_005850.jpg,-3,-9,249,-13,253,239,0,243,24,23,3.35
00238_005852.jpg,25,44,116,21,139,112,48,135,24,25,4.02
00239_005853.jpg,254,16,997,106,907,849,164,759,42,49,5.41
00240_005854.jpg,219,37,861,16,882,658,240,679,24,31,5.59
00241_005855.jpg,134,154,320,93,381,279,195,340,20,18,3.14
00242_005856.jpg,14,0,298,47,251,332,-32,285,38,52,7.77
00243_005857.jpg,100,169,753,196,727,848,74,822,27,28,6.04
00244_005858.jpg,92,36,231,40,227,178,88,174,35,49,4.90
00245_005859.jpg,26,36,123,19,139,117,42,133,26,26,2.01
00246_005860.jpg,67,8,557,-21,586,468,97,497,23,30,4.10
00247_005861.jpg,15,114,767,66,815,818,63,867,52,55,8.28
00248_005862.jpg,64,40,1005,34,1011,974,70,981,33,30,3.42
00249_005863.jpg,154,5,887,40,852,773,119,738,21,30,7.67
00250_005864.jpg,170,-17,427,6,403,263,145,239,33,33,3.97
00251_005865.jpg,135,91,302,-32,427,134,260,258,22,22,5.44
00252_005866.jpg,11,0,280,-4,284,264,15,268,20,21,2.02
00253_005867.jpg,-22,-17,418,-43,445,397,3,424,82,70,4.48
00254_005868.jpg,13,-74,428,-54,409,359,-5,340,39,47,6.60
00255_005869.jpg,149,45,285,37,293,173,157,181,27,27,5.25
00256_005870.jpg,15,39,122,11,150,119,42,146,28,32,5.88
00257_005871.jpg,99,63,260,34,289,195,129,224,23,15,7.13
00258_005872.jpg,4,83,738,21,801,756,66,818,53,50,4.94
00259_005873.jpg,77,36,393,16,412,331,97,351,42,37,5.29
00260_005874.jpg,10,44,129,6,167,125,48,163,17,25,6.26
00261_005875.jpg,-79,70,231,29,272,341,-38,382,45,45,3.62
00262_005876.jpg,167,123,828,97,854,759,193,785,37,30,5.48
00263_005877.jpg,25,16,287,64,240,326,-22,278,42,53,7.60
00264_005878.jpg,88,180,803,117,866,831,151,894,27,25,2.91
00265_005879.jpg,0,44,380,1,423,382,42,425,31,44,4.54
00266_005880.jpg,206,82,408,-4,494,197,292,284,29,25,4.05
00267_005881.jpg,210,28,436,-1,466,224,240,254,58,50,3.32
00268_005882.jpg,309,23,613,-11,648,292,344,327,72,76,5.28
00269_005883.jpg,21,95,365,53,407,396,64,439,58,65,5.68
00270_005884.jpg,232,155,388,147,396,302,241,311,24,18,1.32
00271_005885.jpg,168,54,483,60,477,375,162,370,29,26,3.71
00272_005886.jpg,22,1,230,3,228,211,20,209,37,52,6.03
00273_005887.jpg,341,77,637,57,656,353,360,372,27,22,5.85
00274_005888.jpg,-78,47,887,66,867,1032,-98,1013,51,34,5.01
00275_005889.jpg,115,-5,300,-7,302,176,117,178,4,6,1.34
00276_005890.jpg,108,53,551,25,579,468,136,496,37,31,5.12
00277_005891.jpg,15,9,189,8,189,182,16,183,33,35,5.31
00278_005892.jpg,76,110,583,31,662,539,154,617,82,72,3.59
00279_005893.jpg,-156,88,741,21,807,919,-89,985,27,33,6.95
00280_005894.jpg,-7,0,213,-14,227,205,7,219,35,31,4.55
00281_005895.jpg,-71,52,150,62,141,285,-81,275,53,54,7.27
00282_005896.jpg,45,23,137,39,122,131,29,115,18,16,1.06
00283_005897.jpg,34,15,249,23,241,238,26,230,1,1,0.33
00284_005898.jpg,89,125,965,157,933,1033,57,1001,45,46,5.06
00285_005899.jpg,36,58,790,-35,885,718,131,813,23,24,3.98
00286_005900.jpg,56,14,148,48,114,141,21,107,16,16,1.30
00287_005901.jpg,35,-5,1010,-13,1018,961,43,969,28,17,3.17
00288_005902.jpg,332,99,643,136,605,446,295,409,66,72,4.75
00289_005903.jpg,36,136,1011,209,937,1183,-36,1110,38,41,4.85
00290_005904.jpg,26,-28,276,10,236,260,-13,221,37,40,7.78
00291_005905.jpg,118,18,214,46,187,143,90,115,38,35,5.33
00292_005906.jpg,40,44,82,37,89,79,46,86,35,33,8.71
00293_005907.jpg,265,79,387,57,409,179,287,201,24,18,1.47
00294_005908.jpg,-27,17,359,117,258,503,-127,403,36,35,4.06
00295_005909.jpg,269,-60,1143,-45,1127,828,254,813,55,56,5.53
00296_005910.jpg,5,-28,377,-19,368,352,-3,343,28,31,4.93
00297_005911.jpg,122,18,593,24,587,495,116,489,39,37,5.24
00298_005912.jpg,-7,95,766,64,797,839,22,870,34,29,3.17
00299_005913.jpg,18,66,498,2,563,482,82,546,17,16,1.37
00300_005914.jpg,162,199,615,190,625,643,172,653,17,16,2.47
00301_005915.jpg,46,25,136,37,123,128,33,115,27,15,2.96
00302_005916.jpg,41,28,121,39,110,119,30,108,57,65,7.49
00303_005917.jpg,65,43,664,49,659,648,59,643,31,35,5.27
00304_005918.jpg,60,86,225,67,243,232,78,250,24,18,3.50
00305_005919.jpg,118,97,670,25,742,577,190,649,58,55,6.16
00306_005920.jpg,124,20,309,26,302,210,118,204,25,18,1.61
00307_005921.jpg,-19,41,129,5,164,154,15,189,27,32,6.47
00308_005922.jpg,375,76,756,98,734,479,353,457,31,33,6.73
00309_005923.jpg,222,89,745,93,741,615,218,611,24,30,4.89
00310_005924.jpg,8,74,715,35,754,742,47,781,23,24,4.73
00311_005925.jpg,35,33,112,31,114,109,37,111,18,16,0.73
00312_005926.jpg,142,45,807,109,743,773,79,710,66,59,5.75
00313_005927.jpg,20,66,581,41,606,602,45,627,67,56,4.77
00314_005928.jpg,247,79,631,53,657,437,273,463,26,25,3.39
00315_005929.jpg,180,49,415,143,322,379,86,285,27,34,4.59
00316_005930.jpg,47,-21,218,20,176,190,6,148,28,25,3.23
00317_005931.jpg,28,20,168,19,169,159,29,160,28,27,4.51
00318_005932.jpg,223,68,423,76,415,275,216,267,57,65,3.98
00319_005933.jpg,28,22,153,23,152,148,27,147,80,80,7.50
00320_005934.jpg,-38,6,387,-46,440,379,14,432,26,29,4.41
00321_005935.jpg,-9,17,248,-28,294,228,36,275,18,28,3.95
00322_005936.jpg,-68,17,73,-3,94,138,-47,159,4,8,16.91
00323_005937.jpg,28,33,129,22,140,124,38,134,29,25,3.41
00324_005938.jpg,17,23,231,16,238,230,24,237,44,43,6.05
00325_005939.jpg,-10,29,205,-19,255,196,38,246,27,25,2.82
00326_005940.jpg,32,28,134,27,135,129,33,130,94,88,4.42
00327_005941.jpg,97,57,458,103,412,464,51,418,57,66,6.43
00328_005942.jpg,125,88,865,113,841,854,100,829,38,35,5.87
00329_005943.jpg,40,-42,1017,34,940,1011,-36,933,38,37,5.26
00330_005944.jpg,38,16,150,30,135,142,23,128,19,18,1.14
00331_005945.jpg,5,-38,362,-29,353,327,-3,318,54,68,5.97
00332_005946.jpg,-172,123,880,-9,1013,1044,-40,1176,43,36,4.08
00333_005947.jpg,208,84,794,78,800,664,215,670,41,33,3.27
00334_005948.jpg,-26,51,670,72,649,770,-48,749,38,51,5.73
00335_005949.jpg,119,63,418,48,433,348,133,362,56,46,7.36
00336_005950.jpg,2,248,645,17,877,660,233,892,61,64,5.36
00337_005951.jpg,10,22,145,3,164,138,29,157,38,28,2.51
00338_005952.jpg,136,114,866,92,888,821,158,843,46,45,4.62
00339_005953.jpg,-64,186,588,35,739,688,86,839,62,68,5.38
00340_005954.jpg,462,23,904,109,818,551,376,465,38,45,3.27
00341_005955.jpg,44,6,183,34,155,173,16,145,34,32,9.27
00342_005956.jpg,44,27,125,40,111,121,31,107,77,65,6.28
00343_005957.jpg,33,53,96,32,117,95,54,117,49,27,6.71
00344_005958.jpg,-10,102,572,55,619,639,35,686,39,49,7.29
00345_005959.jpg,81,46,387,-14,448,292,141,353,32,27,2.64
00346_005960.jpg,6,-145,690,-128,673,555,-10,538,35,30,4.22
00347_005961.jpg,-16,54,565,64,555,646,-26,636,67,61,6.04
00348_005962.jpg,26,6,235,16,225,225,15,215,25,25,2.06
00349_005963.jpg,2,-42,935,101,791,1033,-140,890,31,27,3.43
00350_005964.jpg,26,28,143,22,150,139,33,146,57,53,3.94
00351_005965.jpg,-22,53,177,-23,254,175,54,252,29,22,4.37
00352_005966.jpg,42,4,179,32,152,169,14,142,18,22,4.61
00353_005967.jpg,17,5,204,8,201,195,14,192,36,37,5.38
00354_005968.jpg,286,-12,625,58,554,397,215,326,42,35,6.41
00355_005969.jpg,38,35,121,34,122,117,39,118,14,16,0.94
00356_005970.jpg,121,96,552,171,477,601,47,527,26,28,6.58
00357_005971.jpg,41,27,129,36,120,124,32,115,2,2,0.39
00358_005972.jpg,71,104,737,108,733,774,67,770,33,38,4.64
00359_005973.jpg,41,157,741,112,786,811,86,857,41,42,6.06
00360_005974.jpg,13,233,759,138,854,884,108,978,33,33,6.54
00361_005975.jpg,21,26,159,14,171,152,33,164,24,27,4.30
00362_005976.jpg,23,14,158,17,155,151,20,148,23,31,6.86
00363_005977.jpg,22,-13,254,14,227,246,-4,219,37,40,6.04
00364_005978.jpg,6,-153,635,-28,509,600,-119,474,37,29,7.20
00365_005979.jpg,31,13,383,33,362,385,11,364,32,37,5.15
00366_005980.jpg,319,0,459,-9,469,130,329,140,43,40,5.98
00367_005981.jpg,70,-27,573,-67,612,435,109,475,16,14,2.22
00368_005982.jpg,49,12,820,-55,887,715,116,783,32,32,5.00
00369_005983.jpg,219,127,850,110,868,741,237,758,73,75,5.94
00370_005984.jpg,35,-31,273,10,231,249,-7,206,24,19,1.59
00371_005985.jpg,170,158,850,167,841,846,161,837,49,47,5.08
00372_005986.jpg,156,69,313,68,314,226,157,227,20,19,2.94
00373_005987.jpg,101,166,278,178,266,356,89,344,38,30,4.92
00374_005988.jpg,36,31,125,30,126,118,37,119,8,8,0.57
00375_005989.jpg,111,116,775,107,784,772,120,780,28,25,2.44
00376_005991.jpg,-11,-18,303,-31,315,283,1,296,33,39,5.78
00377_005992.jpg,-135,174,551,53,672,741,-15,862,44,30,4.84
00378_005993.jpg,289,34,729,52,711,492,271,474,54,49,4.12
00379_005994.jpg,14,-16,252,-1,238,236,0,221,17,11,2.07
00380_005995.jpg,286,50,586,46,590,346,290,350,33,36,7.89
00381_005996.jpg,8,29,181,-1,211,170,39,201,16,17,1.53
00382_005997.jpg,24,13,157,13,157,145,24,145,16,17,1.39
00383_005998.jpg,12,18,186,4,200,179,26,192,50,50,3.07
00384_005999.jpg,20,-73,1076,-72,1075,984,19,983,72,75,5.38
00385_006000.jpg,-6,-17,390,68,305,465,-91,379,57,63,6.51
00386_006001.jpg,31,27,138,25,140,133,33,135,57,56,4.87
00387_006002.jpg,166,-62,1319,92,1164,1245,11,1090,52,43,6.21
00388_006003.jpg,215,34,420,100,354,305,149,239,22,27,3.37
00389_006005.jpg,41,42,183,33,192,176,50,184,37,42,6.01
00390_006006.jpg,25,60,382,0,442,357,85,417,32,26,3.38
00391_006007.jpg,90,80,410,39,451,359,131,400,36,27,5.64
00392_006008.jpg,115,31,573,123,481,581,23,489,56,23,4.51
00393_006009.jpg,319,-11,594,93,490,368,214,264,54,53,5.50
00394_006010.jpg,61,52,108,53,107,101,60,99,24,25,4.24
00395_006011.jpg,87,49,432,27,454,372,109,394,20,18,1.08
00396_006012.jpg,53,29,176,25,180,148,57,152,32,26,2.83
00397_006013.jpg,170,39,945,71,913,846,138,814,31,27,2.93
00398_006014.jpg,116,203,815,224,794,923,95,902,39,27,8.63
00399_006015.jpg,186,84,751,60,775,625,210,649,58,57,5.52
00400_006016.jpg,322,102,587,88,600,353,335,367,37,32,5.00
00401_006017.jpg,-10,20,203,-16,240,197,26,234,42,37,5.41
00402_006018.jpg,129,82,482,63,501,416,148,435,47,50,5.40
00403_006019.jpg,-6,-17,304,-24,311,286,0,293,38,47,7.24
00404_006020.jpg,222,86,331,91,326,201,216,195,29,14,5.14
00405_006021.jpg,123,7,403,18,392,298,112,288,34,28,2.85
00406_006022.jpg,237,65,782,60,787,604,243,610,54,47,5.58
00407_006023.jpg,86,-40,317,52,225,283,-5,190,18,27,4.49
00408_006024.jpg,105,-12,363,-23,373,233,116,244,24,21,3.43
00409_006025.jpg,56,56,546,32,570,522,80,546,33,41,5.21
00410_006027.jpg,221,132,892,59,965,730,295,803,44,48,5.49
00411_006028.jpg,5,0,240,-1,241,232,6,233,45,45,6.86
00412_006029.jpg,150,34,246,-10,292,86,195,131,34,37,8.77
00413_006030.jpg,-5,2,468,38,432,511,-40,476,23,24,3.94
00414_006031.jpg,89,29,322,21,330,253,98,261,39,29,3.62
00415_006032.jpg,22,11,177,15,173,170,18,166,18,18,3.00
00416_006033.jpg,254,97,933,156,874,835,194,776,45,39,4.45
00417_006034.jpg,31,32,131,26,137,125,37,131,30,25,7.09
00418_006035.jpg,267,252,652,266,638,651,253,637,32,28,6.93
00419_006036.jpg,31,43,109,29,122,107,44,121,29,16,2.25
00420_006037.jpg,-29,213,268,68,413,365,115,511,15,18,3.12
00421_006038.jpg,9,31,154,4,182,149,36,177,15,22,2.36
00422_006039.jpg,67,18,355,30,343,318,54,306,56,46,4.32
00423_006040.jpg,185,84,865,117,832,797,152,764,44,53,7.98
00424_006041.jpg,127,123,950,187,886,1011,63,946,26,24,3.78
00425_006042.jpg,40,-39,447,12,394,419,-11,367,32,25,5.92
00426_006043.jpg,199,127,368,99,396,269,226,296,16,13,1.55
00427_006044.jpg,48,13,392,32,373,376,29,357,13,21,2.98
00428_006045.jpg,161,46,300,81,265,219,127,184,20,18,2.34
00429_006046.jpg,212,73,711,76,707,576,208,572,23,23,2.66
00430_006047.jpg,243,88,488,84,492,330,247,334,52,56,4.79
00431_006048.jpg,157,47,575,111,511,530,93,465,36,36,6.92
00432_006049.jpg,44,32,113,40,105,109,36,101,25,18,1.23
00433_006050.jpg,195,83,847,115,815,767,163,735,67,56,5.17
00434_006051.jpg,38,-4,202,18,178,182,15,159,8,9,2.19
00435_006052.jpg,213,23,455,0,478,242,236,265,39,54,5.69
00436_006053.jpg,133,21,282,32,271,181,122,170,67,57,5.46
00437_006054.jpg,249,102,1036,58,1081,844,294,889,21,25,3.41
00438_006055.jpg,146,116,757,89,784,700,174,727,18,17,3.65
00439_006056.jpg,22,17,171,14,175,164,25,167,35,36,5.31
00440_006057.jpg,148,71,851,78,844,780,141,773,25,19,3.33
00441_006058.jpg,26,114,610,102,622,686,38,698,29,14,9.24
00442_006059.jpg,19,18,180,12,186,173,25,179,39,36,8.72
00443_006060.jpg,15,40,126,9,157,121,45,151,26,27,6.09
00444_006061.jpg,6,-17,167,-45,195,114,35,143,30,24,4.34
00445_006062.jpg,55,209,716,124,801,785,140,870,51,57,5.29
00446_006063.jpg,83,1,326,32,296,275,53,244,29,27,5.84
00447_006064.jpg,23,-19,338,8,311,323,-3,295,35,29,3.20
00448_006065.jpg,197,-16,569,27,525,399,153,355,19,15,0.78
00449_006066.jpg,21,5,210,12,203,200,14,193,34,40,3.56
00450_006067.jpg,60,-53,307,45,208,292,-38,193,77,77,6.79
00451_006068.jpg,49,18,142,16,144,109,51,111,32,30,5.47
00452_006069.jpg,320,189,708,228,668,616,280,576,64,79,4.86
00453_006070.jpg,-3,41,206,-9,257,199,47,251,18,21,3.09
00454_006071.jpg,99,144,872,136,881,909,108,917,34,45,5.94
00455_006072.jpg,120,-12,416,51,353,347,57,283,13,16,1.73
00456_006073.jpg,126,94,767,34,827,676,185,735,39,40,5.84
00457_006074.jpg,140,148,846,38,957,744,251,854,22,23,3.01
00458_006075.jpg,32,107,749,142,715,858,-1,824,37,30,3.89
00459_006076.jpg,126,11,428,-4,444,298,142,314,29,28,4.11
00460_006077.jpg,99,-25,396,7,364,304,67,271,33,30,5.14
00461_006078.jpg,151,194,627,217,604,693,128,669,45,45,7.15
00462_006079.jpg,20,25,143,14,154,138,30,148,64,89,4.04
00463_006080.jpg,43,-5,212,33,172,202,4,163,29,35,5.69
00464_006081.jpg,102,58,632,-19,711,511,180,589,45,57,6.28
00465_006082.jpg,33,37,229,52,215,248,18,234,22,26,3.65
00466_006083.jpg,19,6,191,14,183,185,12,178,33,37,5.77
00467_006084.jpg,92,101,497,29,568,434,163,505,47,50,4.55
00468_006085.jpg,-76,28,202,-32,264,246,-14,307,81,65,5.75
00469_006086.jpg,107,57,381,63,375,337,101,332,77,77,4.53
00470_006087.jpg,287,92,633,119,606,465,261,438,27,35,5.15
00471_006088.jpg,147,93,495,-23,612,323,265,441,31,42,6.34
00472_006089.jpg,57,-20,371,98,252,412,-61,293,26,27,9.78
00473_006090.jpg,91,23,803,-1,828,711,115,735,38,60,5.60
00474_006091.jpg,-54,-9,320,-64,375,311,0,365,55,60,5.41
00475_006092.jpg,38,10,126,14,122,103,33,98,27,26,4.15
00476_006093.jpg,95,32,360,33,359,298,94,297,28,27,4.25
00477_006094.jpg,31,11,161,22,151,152,21,142,26,18,1.38
00478_006095.jpg,92,23,211,17,216,137,97,142,32,26,3.25
00479_006096.jpg,21,0,236,12,224,227,9,215,42,33,6.68
00480_006097.jpg,42,46,657,-45,750,568,135,661,35,39,6.97
00481_006098.jpg,171,178,715,134,759,678,215,722,48,37,4.87
00482_006099.jpg,33,-13,247,20,213,235,-1,201,18,21,1.25
00483_006100.jpg,8,-1,209,-3,211,197,10,199,84,85,3.14
00484_006101.jpg,158,35,443,-8,487,276,202,320,68,64,5.32
00485_006102.jpg,-164,687,174,-130,992,208,653,1026,24,29,4.90
00486_006103.jpg,33,27,138,27,138,133,33,133,14,12,1.62
00487_006104.jpg,-3,55,264,79,239,347,-27,322,11,10,0.90
00488_006105.jpg,-18,-36,395,-47,407,367,-7,378,34,32,6.08
00489_006106.jpg,56,-57,425,34,333,403,-35,311,47,54,11.53
00490_006107.jpg,43,135,776,142,769,875,36,868,19,16,7.37
00491_006108.jpg,55,235,555,103,687,603,187,736,46,43,5.36
00492_006109.jpg,-11,81,409,80,410,501,-10,502,50,44,6.21
00493_006110.jpg,47,14,701,-5,720,647,67,667,34,44,5.47
00494_006111.jpg,27,22,166,20,168,159,29,161,28,30,5.38
00495_006112.jpg,0,-65,453,-31,419,420,-33,386,36,33,6.86
00496_006113.jpg,41,25,214,18,221,191,48,198,28,25,2.41
00497_006114.jpg,22,24,164,13,175,155,33,166,18,15,1.17
00498_006115.jpg,16,7,193,3,197,180,20,184,23,25,7.62
00499_006116.jpg,44,47,162,26,183,144,65,165,23,26,3.59
00500_006117.jpg,218,31,402,7,426,192,242,216,18,15,0.62
00501_006118.jpg,174,143,1042,42,1143,909,275,1010,67,65,4.83
00502_006119.jpg,107,0,525,35,490,454,71,418,74,74,4.70
00503_006120.jpg,98,-6,238,3,228,143,88,133,45,40,6.18
00504_006121.jpg,221,59,369,67,361,214,214,206,95,86,3.14
00505_006122.jpg,97,124,615,148,591,666,73,642,71,66,4.56
00506_006123.jpg,-95,-86,618,-138,670,576,-44,628,46,47,5.48
00507_006124.jpg,288,45,779,47,777,539,286,537,58,51,5.31
00508_006125.jpg,-51,0,1015,76,938,1143,-128,1065,38,36,4.19
00509_006126.jpg,324,217,724,235,706,634,306,617,48,52,6.20
00510_006127.jpg,196,147,285,144,288,233,199,236,26,24,2.20
00511_006128.jpg,79,160,410,189,381,520,50,491,19,25,3.08
00512_006129.jpg,-30,166,681,117,729,829,17,877,32,26,3.95
00513_006130.jpg,34,77,331,94,313,391,16,374,26,30,3.86
00514_006131.jpg,141,62,926,139,850,925,64,848,37,33,3.76
00515_006132.jpg,35,47,198,14,230,177,68,209,33,32,3.14
00516_006133.jpg,26,15,136,22,129,132,19,125,27,30,5.76
00517_006134.jpg,369,88,510,106,493,247,351,230,15,19,2.00
00518_006135.jpg,31,38,115,28,125,113,40,122,18,18,7.32
00519_006136.jpg,27,-29,243,20,194,236,-21,186,45,42,8.09
00520_006137.jpg,32,81,616,85,611,669,28,665,22,26,2.93
00521_006138.jpg,-132,33,286,11,307,430,-110,451,52,49,6.22
00522_006139.jpg,28,7,217,5,218,194,29,196,47,50,6.24
00523_006140.jpg,-1,17,217,-9,243,209,25,235,29,32,4.26
00524_006141.jpg,-2,50,925,0,975,927,47,977,46,48,5.96
00525_006142.jpg,181,-24,404,33,346,256,123,198,68,69,6.05
00526_006143.jpg,21,1,178,16,163,173,7,158,26,18,0.96
00527_006144.jpg,-22,28,1116,85,1060,1224,-78,1168,31,28,2.80
00528_006145.jpg,406,1,580,18,563,192,389,175,25,27,3.23
00529_006146.jpg,20,-7,361,-2,356,339,14,334,31,30,6.44
00530_006147.jpg,21,55,339,37,356,355,39,372,24,28,4.58
00531_006148.jpg,467,65,773,72,766,378,460,371,35,32,5.79
00532_006149.jpg,154,163,289,166,286,301,151,298,17,18,1.87
00533_006150.jpg,144,34,1073,-1,1109,928,179,964,61,63,5.22
00534_006151.jpg,29,-19,439,6,412,416,2,390,34,37,4.58
00535_006152.jpg,166,73,612,84,601,530,155,519,34,32,5.91
00536_006153.jpg,-11,55,165,19,200,196,24,231,20,35,14.29
00537_006154.jpg,-44,10,612,106,516,764,-140,668,42,45,5.08
00538_006155.jpg,17,-8,228,-5,225,205,14,202,16,16,1.25
00539_006156.jpg,28,-7,220,18,193,210,1,184,42,42,6.87
00540_006157.jpg,4,2,246,-6,255,234,13,244,38,38,6.06
00541_006158.jpg,51,69,323,74,318,346,46,342,54,52,7.57
00542_006159.jpg,35,5,173,22,156,161,17,143,16,18,1.44
00543_006160.jpg,127,-6,888,-173,1055,588,294,755,36,40,5.75
00544_006161.jpg,5,207,312,-15,534,291,228,513,16,25,6.13
00545_006162.jpg,-21,106,305,97,314,423,-12,432,28,20,3.22
00546_006163.jpg,3,112,905,188,829,1090,-73,1014,48,48,4.68
00547_006164.jpg,71,160,896,110,946,935,121,985,48,47,3.01
00548_006165.jpg,206,74,618,39,654,451,242,487,24,33,7.12
00549_006166.jpg,66,107,434,137,404,504,36,474,28,22,3.24
00550_006167.jpg,187,162,366,216,312,395,133,341,13,11,1.43
00551_006168.jpg,32,3,228,18,214,214,18,199,52,62,6.07
00552_006169.jpg,205,26,993,50,968,838,180,814,66,71,5.11
00553_006170.jpg,73,154,675,59,770,661,168,756,49,59,4.46
00554_006171.jpg,73,98,150,62,186,139,109,175,13,14,1.04
00555_006172.jpg,220,121,356,144,333,279,197,257,25,25,5.35
00556_006173.jpg,22,5,502,20,487,500,7,485,19,26,3.71
00557_006174.jpg,14,-14,194,0,180,180,0,165,16,9,0.44
00558_006175.jpg,30,25,176,17,184,162,39,171,41,32,4.62
00559_006176.jpg,36,9,310,10,309,284,35,283,59,51,3.85
00560_006177.jpg,39,23,189,32,181,182,30,173,25,16,2.10
00561_006178.jpg,-47,-11,75,-2,65,121,-57,111,16,15,1.32
00562_006179.jpg,35,42,104,30,116,99,47,111,75,61,6.81
00563_006180.jpg,22,98,694,116,675,788,3,770,64,57,5.19
00564_006181.jpg,36,43,113,35,121,112,44,120,65,68,6.77
00565_006182.jpg,252,123,906,169,860,823,206,777,39,33,4.71
00566_006183.jpg,22,21,141,18,144,137,25,140,13,12,1.18
00567_006184.jpg,49,54,251,43,263,245,61,256,20,24,4.54
00568_006185.jpg,95,135,320,149,306,375,81,361,18,25,3.61
00569_006186.jpg,32,-1,198,19,178,185,11,165,25,28,3.17
00570_006187.jpg,-43,74,292,47,319,383,-16,410,64,66,5.56
00571_006188.jpg,-6,0,273,-19,293,260,13,280,25,23,5.23
00572_006189.jpg,259,46,384,39,391,164,266,171,29,45,10.96
00573_006190.jpg,60,9,173,12,170,126,57,123,29,26,4.09
00574_006191.jpg,31,25,138,25,138,132,31,132,16,16,1.04
00575_006192.jpg,151,-81,447,-44,410,251,114,214,18,23,2.41
00576_006193.jpg,255,170,728,146,753,618,280,643,63,66,2.94
00577_006194.jpg,166,24,536,96,464,467,94,395,33,30,5.68
00578_006195.jpg,31,32,139,26,144,134,37,139,31,27,3.87
00579_006196.jpg,-13,588,593,573,608,1180,2,1195,25,25,5.09
00580_006197.jpg,182,-6,1065,71,987,954,103,876,54,52,4.93
00581_006198.jpg,54,21,134,49,105,129,25,101,18,25,3.76
00582_006199.jpg,400,96,780,81,795,461,415,476,69,79,4.92
00583_006200.jpg,324,-64,1169,248,856,1093,11,780,61,54,7.02
00584_006201.jpg,-18,-27,304,-31,308,291,-14,295,28,31,4.70
00585_006202.jpg,30,23,127,21,129,118,32,120,16,16,0.99
00586_006203.jpg,-161,84,628,-24,737,765,-52,874,33,43,6.35
00587_006204.jpg,152,110,474,55,529,377,207,432,43,40,12.17
00588_006205.jpg,66,15,228,32,211,195,49,177,53,58,7.03
00589_006206.jpg,114,144,513,104,553,502,155,543,35,37,5.16
00590_006207.jpg,145,270,276,256,290,387,160,401,19,17,1.17
00591_006208.jpg,255,8,532,48,491,324,215,284,29,32,5.31
00592_006209.jpg,34,26,140,26,140,132,34,132,24,30,7.34
00593_006210.jpg,28,47,192,0,240,162,76,211,34,36,4.17
00594_006211.jpg,206,61,305,65,301,165,201,161,3,1,0.50
00595_006212.jpg,86,166,668,248,586,830,4,748,55,18,13.40
00596_006213.jpg,-17,3,278,-27,309,268,14,299,29,26,3.79
00597_006214.jpg,-20,99,478,59,518,559,18,598,85,80,4.13
00598_006215.jpg,338,45,645,34,656,341,348,352,66,80,5.40
00599_006216.jpg,455,41,729,39,731,313,457,315,37,30,4.00
00600_006217.jpg,-19,-81,109,-46,75,83,-54,48,20,23,4.42
00601_006218.jpg,81,-10,1022,35,976,975,36,930,33,27,4.69
00602_006219.jpg,40,0,161,9,152,130,31,121,18,16,0.80
00603_006220.jpg,76,10,246,-3,261,166,91,180,25,30,4.56
00604_006221.jpg,-10,-64,374,-20,330,363,-54,319,65,63,5.83
00605_006222.jpg,-15,6,241,-28,276,229,19,263,55,49,5.19
00606_006223.jpg,80,57,488,64,482,472,73,465,46,49,6.29
00607_006224.jpg,-41,114,657,66,705,766,6,814,52,51,4.56
00608_006225.jpg,19,42,111,11,142,103,50,134,19,30,7.78
00609_006226.jpg,14,40,175,11,205,173,43,202,28,31,4.20
00610_006227.jpg,-84,-20,329,-93,402,320,-11,393,26,26,5.74
00611_006228.jpg,-31,-42,334,-54,346,312,-19,324,59,65,7.97
00612_006229.jpg,114,84,244,79,249,209,118,214,75,69,4.80
00613_006230.jpg,208,166,443,141,468,377,232,401,13,12,1.70
00614_006231.jpg,49,14,289,18,285,258,45,254,26,28,4.11
00615_006232.jpg,41,9,173,34,148,167,16,142,18,17,1.93
00616_006233.jpg,35,22,137,32,127,134,25,124,24,26,3.35
00617_006234.jpg,20,0,208,8,200,196,11,187,18,18,3.03
00618_006235.jpg,204,2,390,27,365,213,179,188,14,16,1.04
00619_006236.jpg,197,240,642,180,701,624,257,684,27,21,9.71
00620_006237.jpg,5,16,227,-4,247,218,25,238,9,6,1.29
00621_006238.jpg,89,7,891,-3,902,799,99,810,47,33,9.16
00622_006239.jpg,4,99,659,-46,805,607,151,754,22,30,4.97
00623_006241.jpg,297,2,800,86,717,589,213,505,36,35,8.33
00624_006242.jpg,-76,66,285,-89,441,271,80,428,27,27,3.53
00625_006243.jpg,43,30,116,39,107,112,34,103,25,30,8.48
00626_006244.jpg,37,11,168,29,151,159,20,142,26,29,6.31
00627_006245.jpg,202,80,758,91,747,648,190,637,49,52,3.23
00628_006246.jpg,35,11,292,0,303,257,46,268,31,30,4.36
00629_006247.jpg,-136,121,684,-79,885,742,63,942,51,50,3.94
00630_006248.jpg,0,15,176,-4,197,171,20,192,16,18,2.71
00631_006249.jpg,144,79,589,35,633,480,188,524,37,35,7.77
00632_006250.jpg,10,7,171,0,179,161,18,169,3,2,0.60
00633_006251.jpg,42,24,120,38,107,116,29,102,28,18,5.33
00634_006252.jpg,84,31,210,13,228,140,101,157,96,89,2.54
00635_006253.jpg,206,90,820,200,710,814,96,704,55,52,9.77
00636_006254.jpg,70,51,235,35,251,201,85,216,28,28,4.86
00637_006255.jpg,269,97,757,153,701,641,213,586,37,47,5.85
00638_006256.jpg,350,77,575,105,547,330,322,302,16,18,3.19
00639_006257.jpg,130,132,563,93,602,526,169,565,28,29,4.32
00640_006258.jpg,36,35,109,32,112,105,39,108,81,90,5.53
00641_006259.jpg,100,28,189,34,183,123,94,117,38,36,6.13
00642_006260.jpg,23,6,964,-17,988,923,47,947,25,21,5.08
00643_006261.jpg,73,74,403,104,373,435,43,405,45,44,4.65
00644_006262.jpg,335,17,777,23,771,466,329,460,25,35,7.41
00645_006263.jpg,23,66,1010,9,1068,996,80,1054,38,45,4.52
00646_006264.jpg,331,20,908,30,898,606,321,597,32,30,4.28
00647_006265.jpg,51,19,155,37,137,142,32,123,48,44,9.64
00648_006266.jpg,31,49,111,28,132,108,52,130,1,1,0.78
00649_006267.jpg,-6,48,185,30,203,222,11,240,34,39,6.86
00650_006268.jpg,6,41,103,12,132,109,34,138,24,20,4.46
00651_006269.jpg,40,33,117,35,115,112,38,110,3,3,1.16
00652_006270.jpg,-120,260,606,121,745,847,19,987,29,32,9.05
00653_006271.jpg,6,0,277,-9,287,261,16,271,35,30,4.66
00654_006272.jpg,300,78,918,258,737,876,119,695,26,26,4.87
00655_006273.jpg,40,9,170,27,152,158,21,139,87,81,6.01
00656_006274.jpg,35,9,149,29,129,142,16,122,25,18,2.04
00657_006275.jpg,158,76,396,69,404,307,166,315,25,28,5.97
00658_006276.jpg,37,34,114,34,114,111,37,111,75,60,4.21
00659_006277.jpg,20,15,173,12,177,165,24,169,50,55,7.68
00660_006278.jpg,218,21,409,15,415,205,224,211,25,24,4.95
00661_006279.jpg,-87,73,885,144,814,1118,-158,1046,29,29,3.71
00662_006280.jpg,-17,-1,1026,108,916,1151,-127,1041,25,24,4.64
00663_006281.jpg,47,167,684,114,736,752,99,804,25,40,7.81
00664_006282.jpg,121,6,528,21,513,427,106,413,68,68,4.45
00665_006283.jpg,3,105,430,52,483,480,55,532,39,35,6.72
00666_006284.jpg,12,87,386,142,331,517,-42,462,37,30,5.29
00667_006285.jpg,318,-36,1128,106,984,916,174,773,65,70,4.60
00668_006286.jpg,242,-4,407,-6,409,158,244,160,24,30,4.68
00669_006287.jpg,7,42,136,10,168,139,40,171,25,23,3.27
00670_006288.jpg,107,5,330,19,316,243,93,229,17,18,1.36
00671_006289.jpg,33,-14,496,-48,530,413,68,448,25,27,4.67
00672_006290.jpg,243,43,368,62,349,188,223,169,13,10,1.28
00673_006291.jpg,112,28,343,22,349,253,118,259,94,80,4.61
00674_006292.jpg,152,98,315,123,290,285,128,261,49,47,4.60
00675_006293.jpg,77,4,365,49,319,337,31,292,73,67,4.88
00676_006294.jpg,96,11,193,46,158,143,61,107,27,26,2.93
00677_006295.jpg,58,23,836,98,762,875,-15,801,32,42,6.10
00678_006296.jpg,-30,3,215,-6,225,239,-20,249,51,40,6.33
00679_006297.jpg,-1,-7,257,-14,264,244,5,251,33,23,6.64
00680_006298.jpg,12,7,193,3,196,184,15,187,32,26,3.06
00681_006299.jpg,109,13,248,23,239,162,100,152,18,18,1.46
00682_006300.jpg,11,117,983,94,1005,1066,34,1088,21,21,1.91
00683_006301.jpg,-64,83,1152,45,1191,1262,-26,1301,35,34,3.78
00684_006302.jpg,2,15,209,-7,232,198,26,222,25,18,3.36
00685_006303.jpg,55,57,909,0,966,854,112,911,29,25,2.28
00686_006304.jpg,7,2,230,-1,234,221,11,225,27,29,4.32
00687_006305.jpg,604,18,1022,111,930,529,511,436,63,60,7.03
00688_006306.jpg,-88,17,221,-33,272,276,-37,327,49,38,5.38
00689_006307.jpg,35,21,146,28,139,139,28,133,3,4,0.83
00690_006308.jpg,96,200,263,138,325,305,158,367,15,18,1.12
00691_006309.jpg,254,117,914,124,907,784,247,777,81,76,6.34
00692_006310.jpg,302,69,651,76,644,425,295,419,29,23,1.92
00693_006311.jpg,-9,-111,455,-34,378,429,-85,353,48,41,5.47
00694_006312.jpg,46,9,390,-11,412,332,67,354,15,25,4.11
00695_006313.jpg,119,-28,578,47,501,507,42,430,48,37,5.64
00696_006314.jpg,7,16,195,-4,216,183,28,204,18,23,3.20
00697_006315.jpg,-29,-129,515,-234,620,311,74,415,25,29,6.39
00698_006316.jpg,209,39,734,-30,803,494,279,563,76,67,6.20
00699_006317.jpg,229,-48,450,-50,452,170,231,172,37,41,5.20
00700_006318.jpg,-56,55,234,13,276,304,-14,346,20,26,3.32
00701_006319.jpg,126,38,237,34,241,146,130,150,18,18,13.55
00702_006320.jpg,28,24,145,22,147,139,30,141,16,16,0.95
00703_006321.jpg,26,-1,194,11,181,179,13,166,25,27,3.09
00704_006322.jpg,64,24,138,18,144,92,70,98,18,16,1.58
00705_006323.jpg,54,-5,287,10,271,243,38,226,44,34,5.50
00706_006324.jpg,264,123,464,103,484,303,284,323,34,30,4.87
00707_006325.jpg,25,9,217,13,214,205,22,202,27,28,4.05
00708_006326.jpg,-90,151,265,-87,504,268,148,507,3,3,0.61
00709_006327.jpg,-21,51,104,5,150,132,24,177,28,28,4.02
00710_006328.jpg,2,38,448,29,457,475,11,484,45,49,4.92
00711_006329.jpg,154,41,718,56,704,621,139,606,56,58,5.44
00712_006330.jpg,33,40,92,32,100,91,41,99,18,24,5.36
00713_006331.jpg,29,19,170,23,166,165,25,161,39,37,5.76
00714_006332.jpg,30,33,124,25,132,119,37,127,25,27,10.03
00715_006333.jpg,117,78,310,70,318,263,125,271,25,24,4.15
00716_006334.jpg,-90,90,858,96,852,1045,-96,1039,49,48,3.69
00717_006335.jpg,8,1,227,-9,238,209,19,220,24,33,8.94
00718_006336.jpg,3,23,135,1,157,132,26,154,95,77,3.80
00719_006337.jpg,9,6,209,-12,227,187,27,206,44,53,5.60
00720_006338.jpg,120,329,868,282,915,1030,167,1077,56,58,6.49
00721_006339.jpg,83,-329,1345,91,924,1353,-337,932,54,56,6.93
00722_006340.jpg,-16,2,286,-28,317,274,13,305,49,52,5.89
00723_006341.jpg,186,50,383,54,379,251,182,247,20,25,4.04
00724_006342.jpg,166,11,366,30,347,231,147,212,50,47,4.79
00725_006343.jpg,72,-16,837,106,714,872,-51,748,34,30,5.93
00726_006344.jpg,226,190,646,225,611,645,191,610,26,38,7.50
00727_006345.jpg,176,27,437,52,412,313,151,288,26,22,8.97
00728_006346.jpg,25,45,124,20,149,119,50,144,60,60,7.59
00729_006347.jpg,298,9,493,44,459,239,264,205,20,18,1.46
00730_006348.jpg,-18,9,304,-24,337,298,15,331,35,44,6.02
00731_006349.jpg,78,17,295,19,293,236,76,234,55,44,7.94
00732_006350.jpg,-63,-40,717,-201,878,579,97,740,45,51,5.20
00733_006351.jpg,-74,56,262,-84,403,251,67,393,39,30,4.12
00734_006352.jpg,28,29,128,21,136,120,36,128,18,32,10.37
00735_006353.jpg,-134,93,716,-55,865,795,14,944,45,49,5.52
00736_006354.jpg,5,25,172,0,197,167,31,192,32,24,2.92
00737_006355.jpg,22,24,173,18,180,169,29,175,87,74,6.63
00738_006356.jpg,94,37,444,50,431,400,82,387,40,47,5.79
00739_006357.jpg,196,39,494,70,463,368,165,337,17,18,0.89
00740_006358.jpg,-33,120,1099,76,1144,1209,10,1253,29,28,2.87
00741_006359.jpg,25,22,167,17,172,159,30,164,18,18,1.66
00742_006360.jpg,302,96,521,118,499,337,280,315,54,54,4.60
00743_006361.jpg,72,91,456,58,489,441,106,474,28,24,3.82
00744_006362.jpg,25,34,208,41,201,224,18,217,15,17,1.98
00745_006363.jpg,38,3,228,25,206,215,16,193,31,30,2.66
00746_006364.jpg,44,0,208,28,180,192,16,164,51,54,6.55
00747_006365.jpg,-10,11,235,29,217,275,-28,257,21,24,3.38
00748_006366.jpg,128,78,1004,100,982,977,105,955,45,48,4.38
00749_006367.jpg,-108,1,439,117,324,665,-223,550,37,32,6.14
00750_006368.jpg,159,8,500,9,499,351,158,350,36,41,7.25
00751_006369.jpg,37,48,258,33,273,254,53,269,35,38,6.56
00752_006370.jpg,62,14,441,48,408,427,29,393,33,40,4.59
00753_006371.jpg,-40,-31,321,-65,355,295,-6,329,30,30,4.51
00754_006372.jpg,-8,69,500,-49,619,459,110,578,19,26,5.01
00755_006373.jpg,15,20,149,11,158,146,23,154,31,30,5.70
00756_006374.jpg,30,36,115,24,127,109,42,121,16,16,1.34
00757_006375.jpg,15,42,118,6,155,109,52,145,19,27,4.32
00758_006376.jpg,190,29,478,46,461,333,173,317,73,68,5.99
00759_006377.jpg,19,-27,306,3,275,290,-11,259,2,2,0.29
00760_006378.jpg,20,32,767,47,752,794,5,779,30,26,2.99
00761_006379.jpg,14,194,245,96,342,327,111,425,30,32,7.91
00762_006380.jpg,104,55,401,46,411,342,114,352,36,27,3.57
00763_006381.jpg,21,28,155,13,170,147,36,162,14,12,0.63
00764_006382.jpg,527,182,867,269,780,609,441,522,29,27,2.18
00765_006383.jpg,20,6,192,8,190,181,18,179,96,90,2.04
00766_006384.jpg,125,24,352,-1,378,224,152,250,46,56,5.39
00767_006385.jpg,141,75,836,110,801,805,106,770,40,40,4.65
00768_006386.jpg,180,-15,767,105,646,692,59,571,55,61,4.36
00769_006387.jpg,70,-187,678,-63,554,543,-53,420,52,53,4.89
00770_006388.jpg,36,-14,228,32,181,224,-10,177,9,12,1.42
00771_006389.jpg,229,150,348,128,370,247,251,269,25,25,3.62
00772_006390.jpg,207,50,315,77,288,185,180,158,30,34,5.03
00773_006391.jpg,37,45,102,32,115,97,50,110,50,50,4.64
00774_006392.jpg,155,-16,632,-20,635,455,159,459,46,47,3.22
00775_006393.jpg,23,11,176,16,172,169,19,165,27,32,5.21
00776_006394.jpg,16,-9,220,21,189,225,-14,194,40,50,3.93
00777_006395.jpg,150,25,528,10,543,388,165,403,52,70,7.08
00778_006396.jpg,30,25,133,22,136,126,33,129,16,17,3.40
00779_006397.jpg,188,52,664,52,664,528,188,528,59,69,3.88
00780_006398.jpg,119,111,234,127,219,242,104,226,13,11,1.12
00781_006399.jpg,155,95,317,154,257,316,95,257,21,18,1.68
00782_006400.jpg,-33,108,753,88,773,875,-13,895,38,28,3.60
00783_006401.jpg,5,143,823,-38,1005,779,187,961,44,35,5.80
00784_006402.jpg,26,-5,234,16,212,223,4,201,25,22,4.11
00785_006403.jpg,34,39,352,8,382,326,64,357,69,71,4.64
00786_006404.jpg,9,25,160,-1,187,150,35,177,25,18,0.93
00787_006405.jpg,28,5,174,22,156,168,11,151,26,68,12.96
00788_006406.jpg,39,32,116,34,114,111,37,109,30,35,6.92
00789_006407.jpg,5,-24,245,-38,259,201,19,215,9,8,1.96
00790_006408.jpg,-60,-81,711,-105,736,666,-36,690,43,48,4.90
00791_006409.jpg,-11,113,342,64,391,417,38,467,60,64,8.09
00792_006410.jpg,22,16,188,8,196,174,30,182,40,56,5.56
00793_006411.jpg,219,97,510,78,530,369,238,389,39,30,3.88
00794_006412.jpg,210,30,922,245,707,957,-4,742,58,58,4.59
00795_006413.jpg,39,4,177,32,149,170,11,142,69,80,5.75
00796_006414.jpg,82,10,360,-1,372,276,94,289,44,46,5.64
00797_006415.jpg,334,21,918,110,829,694,245,605,44,33,5.60
00798_006416.jpg,36,34,163,31,166,158,39,161,50,65,5.15
00799_006417.jpg,115,13,349,42,321,276,87,248,2,1,0.57
00800_006418.jpg,101,0,269,19,250,187,82,168,26,38,4.98
00801_006419.jpg,273,120,377,115,381,219,278,223,9,9,0.34
00802_006420.jpg,237,210,748,211,747,722,236,721,33,26,3.46
00803_006421.jpg,23,2,206,18,190,201,7,186,39,32,5.23
00804_006422.jpg,176,59,832,74,817,730,161,715,23,28,5.27
00805_006423.jpg,1,-30,358,-21,349,335,-7,326,28,30,5.63
00806_006424.jpg,73,97,973,117,953,1016,53,996,40,53,9.85
00807_006425.jpg,-12,150,967,-12,1130,967,150,1130,37,29,2.76
00808_006426.jpg,203,23,873,104,792,775,121,693,36,30,3.30
00809_006427.jpg,152,160,870,174,856,893,138,879,23,26,4.12
00810_006428.jpg,23,19,169,17,171,163,25,165,33,37,5.53
00811_006429.jpg,13,33,141,6,168,135,40,162,40,40,6.46
00812_006430.jpg,160,132,236,141,227,217,152,208,9,13,1.79
00813_006431.jpg,288,-14,492,-8,485,195,282,188,24,18,8.23
00814_006432.jpg,79,88,563,73,579,556,95,572,41,27,5.08
00815_006433.jpg,-20,53,281,17,317,320,15,356,25,25,5.40
00816_006434.jpg,103,47,349,53,343,299,97,293,62,64,5.69
00817_006435.jpg,-79,-175,604,-182,611,501,-72,508,30,27,5.59
00818_006436.jpg,3,15,186,12,189,195,6,198,31,36,5.73
00819_006437.jpg,-4,-41,324,-5,288,324,-40,288,42,42,7.26
00820_006438.jpg,173,40,338,41,337,206,172,205,4,3,0.77
00821_006439.jpg,54,3,352,-10,366,288,67,301,32,32,4.77
00822_006440.jpg,31,29,135,26,137,129,34,132,40,44,4.83
00823_006441.jpg,10,-216,1312,-116,1213,1185,-89,1085,68,65,6.22
00824_006442.jpg,-49,26,356,82,300,488,-105,432,26,32,4.26
00825_006443.jpg,223,-10,1014,68,935,859,144,780,37,35,7.65
00826_006444.jpg,-6,56,175,18,213,200,31,238,61,64,6.99
00827_006445.jpg,8,33,171,0,203,163,40,196,49,65,4.34
00828_006446.jpg,159,-16,494,37,440,372,106,318,9,8,0.87
00829_006447.jpg,45,33,126,36,123,116,42,113,25,16,2.93
00830_006448.jpg,26,26,556,1,580,531,51,556,32,31,4.52
00831_006449.jpg,-2,6,242,-26,274,219,29,251,30,22,3.78
00832_006450.jpg,21,19,187,13,193,179,26,185,34,30,5.46
00833_006451.jpg,44,23,118,40,102,114,28,98,50,50,5.01
00834_006452.jpg,-15,25,260,-28,314,247,38,301,40,39,5.59
00835_006453.jpg,174,24,454,19,459,298,179,303,25,28,2.74
00836_006454.jpg,276,121,679,79,722,481,319,524,43,45,6.08
00837_006455.jpg,62,29,195,27,197,159,64,161,68,67,4.07
00838_006456.jpg,246,77,581,60,598,395,262,412,28,39,5.59
00839_006457.jpg,-84,-26,485,-108,567,461,-2,543,44,36,4.36
00840_006458.jpg,34,0,229,22,205,217,10,194,29,27,3.57
00841_006459.jpg,153,205,280,187,297,314,171,331,25,47,5.45
00842_006460.jpg,277,15,383,6,392,112,286,121,29,22,8.63
00843_006461.jpg,127,26,334,11,349,218,142,234,27,44,8.44
00844_006462.jpg,15,-46,345,-3,302,327,-27,283,33,31,4.22
00845_006463.jpg,89,104,227,107,224,246,85,242,18,21,1.97
00846_006464.jpg,154,-31,405,25,347,276,97,219,22,27,5.39
00847_006465.jpg,375,195,1143,530,807,1299,39,963,31,35,7.30
00848_006466.jpg,15,-1,230,8,220,223,5,213,50,52,7.20
00849_006467.jpg,25,28,144,19,153,138,34,147,24,18,1.09
00850_006468.jpg,26,1,179,16,164,169,11,155,25,20,4.17
00851_006469.jpg,82,20,163,42,141,123,60,101,52,52,6.04
00852_006470.jpg,81,48,201,30,219,150,99,168,54,67,6.92
00853_006471.jpg,108,-164,731,-123,690,499,67,458,32,42,5.00
00854_006472.jpg,-129,14,408,-46,468,491,-68,551,41,38,5.51
00855_006473.jpg,49,51,142,50,143,142,50,143,16,26,2.43
00856_006474.jpg,38,23,146,31,138,139,30,131,19,30,11.08
00857_006475.jpg,-39,-5,60,5,48,105,-51,93,12,40,7.36
00858_006476.jpg,44,18,155,40,133,151,22,129,25,25,4.21
00859_006477.jpg,-46,100,373,121,352,540,-66,519,64,70,5.82
00860_006478.jpg,92,274,857,298,833,1062,69,1039,36,47,6.10
00861_006479.jpg,26,15,143,19,139,136,22,132,16,16,1.66
00862_006480.jpg,38,15,172,31,155,165,21,149,16,16,3.08
00863_006481.jpg,72,4,299,1,302,227,75,230,49,52,5.21
00864_006482.jpg,261,7,392,7,392,138,261,138,35,35,5.26
00865_006483.jpg,161,-26,364,-31,369,172,166,177,32,28,3.92
00866_006484.jpg,273,75,663,50,688,439,299,464,59,58,5.21
00867_006485.jpg,20,19,126,11,134,117,28,125,50,60,7.56
00868_006486.jpg,42,35,105,38,101,101,38,97,10,11,3.65
00869_006487.jpg,-44,16,112,-56,185,100,28,173,25,44,6.24
00870_006488.jpg,171,198,294,198,294,321,171,321,13,12,1.37
00871_006489.jpg,342,130,718,101,747,477,370,506,54,51,5.36
00872_006490.jpg,28,3,250,15,238,238,15,226,30,41,4.44
00873_006491.jpg,113,19,312,55,277,254,77,219,44,37,8.08
00874_006492.jpg,39,14,171,30,156,162,23,146,25,25,4.30
00875_006493.jpg,282,173,397,177,393,292,278,288,9,9,1.06
00876_006494.jpg,13,0,236,5,230,228,7,222,26,31,3.97
00877_006495.jpg,218,91,313,95,309,189,214,185,18,16,3.56
00878_006496.jpg,89,65,334,65,334,311,89,311,24,24,3.89
00879_006497.jpg,26,-2,215,19,193,207,5,185,25,18,2.84
00880_006498.jpg,271,24,440,40,424,210,255,194,28,40,9.18
00881_006499.jpg,28,0,228,18,209,218,9,199,25,27,4.43
00882_006500.jpg,221,-12,759,119,627,657,89,525,43,33,5.43
00883_006501.jpg,166,-8,434,67,359,335,91,259,61,65,5.74
00884_006502.jpg,426,-22,712,33,656,319,370,264,10,9,1.39
00885_006503.jpg,106,-43,978,15,919,887,47,828,33,29,6.11
00886_006504.jpg,114,187,353,190,351,428,112,426,42,51,6.90
00887_006505.jpg,149,113,668,135,646,655,127,632,28,30,3.24
00888_006506.jpg,216,357,355,61,650,200,512,495,30,18,2.41
00889_006507.jpg,294,28,398,33,393,137,289,132,16,19,1.49
00890_006508.jpg,-6,264,798,184,879,989,73,1069,28,24,2.61
00891_006509.jpg,211,17,392,18,391,200,210,198,30,18,2.61
00892_006510.jpg,340,250,658,260,648,578,331,568,33,44,5.79
00893_006511.jpg,20,25,1031,28,1028,1039,17,1036,40,46,7.52
00894_006512.jpg,7,7,225,-3,237,215,18,226,50,56,7.90
00895_006513.jpg,80,117,213,82,248,215,115,250,40,30,9.87
00896_006514.jpg,41,31,118,37,112,114,35,108,30,25,5.00
00897_006515.jpg,-15,-2,213,-24,235,203,6,225,32,34,3.98
00898_006516.jpg,92,130,335,110,355,353,112,373,27,35,6.54
00899_006517.jpg,250,68,667,130,605,548,187,486,22,30,14.14
00900_006518.jpg,109,45,294,69,271,254,86,230,26,23,2.43
00901_006519.jpg,37,30,130,34,126,127,33,123,28,28,3.54
00902_006520.jpg,204,16,400,31,385,227,189,212,80,85,3.79
00903_006521.jpg,31,14,158,25,146,152,20,141,50,54,7.09
00904_006522.jpg,381,125,731,127,730,477,379,475,34,46,9.69
00905_006523.jpg,25,18,160,19,159,153,24,152,40,46,3.79
00906_006524.jpg,13,0,181,-8,189,160,21,168,22,26,5.55
00907_006525.jpg,8,0,257,-3,260,245,11,248,35,32,4.75
00908_006526.jpg,35,26,154,27,153,146,34,145,30,36,5.37
00909_006527.jpg,179,31,846,126,751,792,85,697,34,29,3.45
00910_006528.jpg,32,26,121,27,120,115,31,114,14,16,1.55
00911_006529.jpg,-16,80,446,-4,532,459,68,544,44,47,4.67
00912_006530.jpg,83,8,229,21,216,167,69,154,40,42,5.49
00913_006531.jpg,27,20,134,24,130,131,23,127,80,74,2.80
00914_006532.jpg,120,134,281,124,292,285,130,295,13,14,1.26
00915_006533.jpg,280,32,622,39,615,382,273,375,51,38,6.61
00916_006534.jpg,3,24,178,-1,204,172,30,198,10,9,1.37
00917_006535.jpg,50,135,366,24,477,340,161,451,29,31,5.03
00918_006536.jpg,121,62,313,62,313,254,121,254,60,59,6.37
00919_006537.jpg,20,12,179,12,179,171,20,171,30,28,4.13
00920_006538.jpg,40,32,113,35,110,108,37,105,6,8,1.98
00921_006539.jpg,36,40,101,33,108,98,43,105,16,15,2.67
00922_006540.jpg,36,24,127,30,121,122,29,115,80,73,5.41
00923_006541.jpg,44,18,136,37,116,129,24,110,12,15,2.17
00924_006542.jpg,12,12,273,2,283,263,22,273,49,65,3.00
00925_006543.jpg,207,163,324,147,339,264,222,280,50,44,5.33
00926_006544.jpg,353,110,819,92,838,558,372,577,23,24,6.15
00927_006545.jpg,397,126,658,144,641,405,379,387,21,17,2.12
00928_006546.jpg,14,0,237,1,236,224,13,223,26,29,3.22
00929_006547.jpg,96,159,305,156,308,366,99,369,15,18,2.34
00930_006548.jpg,100,101,299,99,301,299,102,300,12,15,0.95
00931_006549.jpg,244,32,466,45,453,268,230,254,26,34,5.62
00932_006550.jpg,641,31,832,4,860,195,669,222,20,29,4.65
00933_006551.jpg,16,40,260,38,262,282,18,284,75,66,5.73
00934_006552.jpg,21,14,147,10,151,136,25,140,12,13,1.74
00935_006553.jpg,-16,-27,748,138,582,903,-182,737,31,26,6.12
00936_006554.jpg,-7,110,998,92,1016,1098,11,1116,24,35,6.47
00937_006555.jpg,22,20,153,16,157,146,27,151,50,62,7.12
00938_006556.jpg,255,105,423,119,410,287,241,274,13,16,1.68
00939_006557.jpg,77,98,338,108,329,370,67,360,24,33,5.88
00940_006558.jpg,136,137,217,134,221,215,140,219,8,8,2.56
00941_006559.jpg,41,-46,305,25,233,288,-29,217,19,18,2.00
00942_006560.jpg,32,29,134,28,135,130,33,131,18,16,1.04
00943_006561.jpg,259,120,881,138,863,760,241,742,19,23,3.01
00944_006562.jpg,38,6,180,31,155,172,13,147,50,65,4.94
00945_006563.jpg,23,26,165,12,178,154,36,167,27,27,3.91
00946_006564.jpg,48,27,125,45,107,122,30,104,14,18,1.25
00947_006565.jpg,242,0,714,99,615,571,143,472,25,25,6.40
00948_006566.jpg,45,56,367,28,395,350,73,378,18,17,2.81
00949_006567.jpg,43,10,227,37,200,221,16,194,30,44,7.49
00950_006568.jpg,-15,-21,334,-37,350,312,0,328,29,31,5.43
00951_006569.jpg,36,24,123,29,118,116,31,111,50,57,5.09
00952_006570.jpg,142,121,266,103,284,228,159,245,13,10,1.58
00953_006571.jpg,24,2,202,16,187,195,9,180,25,22,3.25
00954_006572.jpg,3,131,486,36,580,520,97,614,24,31,6.35
00955_006573.jpg,21,9,174,12,172,165,19,163,40,40,5.02
00956_006574.jpg,65,-118,809,-81,772,661,29,625,32,38,11.19
00957_006576.jpg,9,9,249,0,259,240,19,249,18,23,2.42
00958_006577.jpg,46,28,119,41,106,115,32,101,30,18,3.02
00959_006578.jpg,128,51,520,49,522,442,130,444,1,1,0.24
00960_006579.jpg,16,32,146,12,166,142,36,162,30,35,7.84
00961_006580.jpg,19,21,184,14,191,180,26,186,85,80,3.18
00962_006581.jpg,32,-10,193,3,179,164,18,150,60,60,7.18
00963_006582.jpg,10,8,201,5,204,196,13,199,16,18,2.42
00964_006583.jpg,-12,18,122,19,121,153,-13,152,30,50,3.69
00965_006584.jpg,271,103,990,145,948,864,229,822,26,24,2.69
00966_006585.jpg,78,36,370,38,368,329,76,328,55,50,5.72
00967_006586.jpg,168,5,720,137,588,689,36,557,45,47,3.58
00968_006587.jpg,136,67,333,71,329,268,132,264,49,65,5.12
00969_006588.jpg,33,-6,215,20,189,202,6,176,50,30,5.56
00970_006589.jpg,37,156,656,166,646,785,27,775,16,11,1.36
00971_006590.jpg,162,84,720,128,676,686,118,642,22,29,4.64
00972_006591.jpg,44,38,113,40,111,109,42,107,20,17,3.34
00973_006592.jpg,-19,32,562,115,479,697,-102,615,21,18,0.81
00974_006593.jpg,263,97,367,92,372,196,268,201,12,11,2.42
00975_006594.jpg,10,12,185,6,192,181,16,188,30,36,5.78
00976_006595.jpg,271,57,402,49,410,180,280,188,8,8,0.86
00977_006596.jpg,105,67,208,61,214,165,111,171,66,57,8.41
00978_006597.jpg,100,2,366,-13,382,251,117,267,40,46,4.58
00979_006598.jpg,31,12,500,6,506,475,37,481,62,52,4.28
00980_006599.jpg,116,13,319,17,316,220,113,217,62,60,6.65
00981_006600.jpg,34,-5,450,-38,482,377,66,410,31,40,4.83
00982_006601.jpg,104,30,385,56,359,337,78,311,83,78,6.05
00983_006602.jpg,23,21,185,14,193,176,30,184,31,32,4.60
00984_006603.jpg,130,30,406,18,418,295,141,306,35,34,5.11
00985_006604.jpg,91,-76,406,-87,418,227,102,239,27,25,2.68
00986_006605.jpg,-38,-2,261,-50,309,248,10,297,46,67,7.32
00987_006606.jpg,387,105,604,69,640,285,424,322,46,40,6.30
00988_006607.jpg,130,27,1065,127,965,1062,30,963,58,55,5.53
00989_006608.jpg,13,39,136,1,174,123,51,162,30,29,6.85
00990_006609.jpg,131,42,254,27,268,151,145,165,21,21,2.29
00991_006610.jpg,22,22,176,16,181,170,27,176,3,3,0.60
00992_006611.jpg,-183,24,504,-89,618,598,-69,712,55,62,8.06
00993_006612.jpg,48,5,328,19,314,298,35,285,47,54,4.71
00994_006613.jpg,80,127,670,52,745,641,156,716,27,19,2.20
00995_006614.jpg,24,22,162,14,170,152,31,160,38,30,20.36
00996_006615.jpg,12,442,405,87,760,480,367,835,28,34,9.24
00997_006616.jpg,274,55,682,30,707,439,298,464,38,44,6.80
00998_006617.jpg,217,36,421,27,430,232,226,240,50,40,10.43
00999_006618.jpg,-45,-19,78,8,50,131,-73,103,13,18,2.86
01000_006619.jpg,-52,38,214,-65,318,201,51,304,36,38,5.32
01001_006620.jpg,34,25,149,25,149,140,34,140,16,16,1.09
01002_006621.jpg,-100,89,846,92,843,1039,-103,1036,46,44,4.27
01003_006622.jpg,71,220,221,207,233,356,84,369,60,70,4.32
01004_006623.jpg,58,41,332,25,348,299,75,315,25,29,3.46
01005_006624.jpg,118,32,358,57,334,297,93,272,85,76,5.27
01006_006625.jpg,167,19,378,37,361,248,149,231,50,51,3.33
01007_006626.jpg,168,140,388,69,460,290,239,361,2,3,0.73
01008_006627.jpg,30,34,114,31,117,115,33,118,8,7,1.38
01009_006628.jpg,102,-35,918,-9,893,806,76,780,42,41,5.75
01010_006629.jpg,-15,-6,314,23,284,353,-45,323,31,28,4.86
01011_006630.jpg,12,141,890,33,997,911,119,1019,48,50,4.90
01012_006631.jpg,13,-9,281,-20,292,248,23,258,50,50,2.68
01013_006632.jpg,127,65,261,91,235,225,101,199,24,17,3.73
01014_006633.jpg,40,4,203,27,180,190,17,167,30,25,3.96
01015_006634.jpg,-9,16,193,-9,219,194,16,220,23,29,3.82
01016_006635.jpg,-5,40,117,15,142,138,19,162,40,29,12.40
01017_006636.jpg,153,16,380,49,346,275,120,242,11,10,1.46
01018_006637.jpg,34,0,196,24,172,186,10,162,27,24,4.00
01019_006638.jpg,147,39,351,11,378,215,174,243,30,52,8.80
01020_006639.jpg,44,-6,238,29,202,223,8,187,26,25,3.88
01021_006640.jpg,325,13,657,30,640,362,308,345,36,36,5.31
01022_006641.jpg,39,27,145,24,148,130,42,133,25,26,5.87
01023_006642.jpg,31,9,181,20,169,171,19,159,9,7,0.87
01024_006643.jpg,91,42,509,28,524,447,105,461,62,46,9.07
01025_006644.jpg,161,279,398,257,419,494,183,515,71,78,4.14
01026_006645.jpg,60,39,256,16,279,212,83,235,37,39,5.29
01027_006646.jpg,32,9,193,21,181,182,20,170,24,21,1.86
01028_006647.jpg,87,18,302,10,310,225,95,233,47,44,8.15
01029_006648.jpg,25,23,152,19,157,145,30,150,40,37,3.39
01030_006649.jpg,46,48,471,10,510,435,84,474,39,30,4.47
01031_006650.jpg,45,20,132,41,111,128,24,106,30,36,6.74
01032_006651.jpg,34,5,177,29,153,172,10,148,23,38,6.33
01033_006652.jpg,346,73,718,184,607,557,235,446,31,22,5.54
01034_006653.jpg,18,18,183,9,192,174,27,183,25,26,4.87
01035_006654.jpg,14,3,213,3,213,203,14,203,18,21,3.41
01036_006655.jpg,25,24,152,18,158,145,31,151,80,80,7.39
01037_006656.jpg,-13,25,192,-21,240,184,33,231,35,36,5.31
01038_006657.jpg,43,-20,535,43,471,535,-20,471,25,33,8.71
01039_006658.jpg,92,21,211,17,215,136,96,140,32,34,5.74
01040_006659.jpg,220,48,352,34,365,165,234,179,4,6,2.88
01041_006660.jpg,37,21,141,26,136,130,33,125,16,18,0.63
01042_006661.jpg,26,17,179,19,177,172,24,170,4,5,1.12
01043_006662.jpg,125,58,275,65,267,215,117,208,65,69,7.22
01044_006663.jpg,78,21,173,49,145,144,51,116,52,55,7.43
01045_006664.jpg,167,-6,518,9,502,360,151,345,40,33,4.86
01046_006665.jpg,86,28,313,14,326,241,100,254,12,10,0.78
01047_006666.jpg,142,36,331,26,340,215,151,225,36,30,6.10
01048_006667.jpg,25,60,440,62,438,477,23,475,43,35,7.58
01049_006668.jpg,40,-6,344,52,285,356,-18,297,30,39,9.47
01050_006669.jpg,261,-2,1170,281,886,1189,-22,905,56,62,5.50
01051_006671.jpg,39,22,139,35,126,135,26,122,24,22,5.43
01052_006672.jpg,167,42,563,24,581,421,185,439,18,18,2.85
01053_006673.jpg,25,12,135,5,141,115,32,122,26,29,5.20
01054_006674.jpg,49,-38,308,34,236,292,-22,220,27,28,2.75
01055_006675.jpg,35,19,222,-6,248,179,61,205,47,53,5.46
01056_006676.jpg,-43,-1,540,-25,564,558,-18,582,58,54,5.43
01057_006677.jpg,43,33,108,36,105,101,40,98,8,9,0.98
01058_006678.jpg,16,23,169,11,181,164,28,176,40,58,5.65
01059_006679.jpg,9,37,175,-1,215,163,49,203,60,68,6.30
01060_006680.jpg,-2,24,246,-13,284,236,35,274,42,49,6.83
01061_006681.jpg,-34,-112,588,-79,555,543,-67,510,32,27,4.30
01062_006682.jpg,14,-7,319,-16,327,288,22,297,1,1,0.10
01063_006683.jpg,202,73,628,8,693,433,268,499,84,78,4.14
01064_006684.jpg,91,44,448,66,426,423,69,400,72,72,5.64
01065_006685.jpg,249,41,374,32,383,157,258,166,20,28,6.84
01066_006686.jpg,24,14,181,13,182,171,25,172,20,3,9.23
01067_006687.jpg,9,61,577,80,559,649,-9,630,40,36,4.27
01068_006688.jpg,42,38,103,38,103,100,42,100,50,50,5.46
01069_006689.jpg,-38,55,464,16,502,519,0,558,48,51,3.81
01070_006690.jpg,54,122,844,-21,988,767,198,912,57,39,6.03
01071_006691.jpg,97,162,226,162,226,290,97,290,30,33,5.29
01072_006692.jpg,17,162,705,-54,922,633,234,850,24,19,2.92
01073_006693.jpg,56,55,564,-29,648,479,140,563,45,40,3.66
01074_006694.jpg,19,0,230,6,223,217,12,210,30,20,3.22
01075_006695.jpg,18,6,193,7,192,183,17,182,26,18,3.75
01076_006696.jpg,-5,149,241,52,339,299,92,396,35,39,9.36
01077_006697.jpg,-7,-98,462,-26,389,443,-79,371,34,43,5.32
01078_006698.jpg,153,-7,456,-9,458,293,156,295,11,9,1.24
01079_006699.jpg,28,-109,944,-51,887,865,-29,807,43,32,5.25
01080_006700.jpg,19,10,234,3,241,218,26,225,58,56,6.29
01081_006701.jpg,352,32,641,38,634,328,345,321,39,42,5.45
01082_006702.jpg,46,88,384,49,423,387,85,426,4,3,1.93
01083_006703.jpg,43,31,120,39,112,116,35,108,40,47,5.74
01084_006704.jpg,-2,58,718,11,765,732,43,779,45,33,5.27
01085_006705.jpg,34,21,137,29,129,133,26,125,90,90,2.32
01086_006706.jpg,-58,28,288,-49,366,297,19,375,26,43,6.29
01087_006707.jpg,90,113,285,65,333,260,138,308,11,11,1.10
01088_006709.jpg,189,108,777,86,799,674,211,696,33,27,5.10
01089_006710.jpg,153,128,278,135,270,260,145,252,11,12,1.03
01090_006711.jpg,-109,-31,562,-152,683,518,12,640,44,39,6.89
01091_006712.jpg,326,-10,609,16,583,299,300,272,40,47,2.69
01092_006713.jpg,125,54,416,46,424,337,133,345,30,31,4.98
01093_006714.jpg,64,-82,808,-49,774,695,30,661,60,51,4.70
01094_006715.jpg,42,167,509,166,510,633,43,634,24,30,7.06
01095_006716.jpg,140,200,290,192,297,342,148,350,17,18,1.66
01096_006717.jpg,232,93,669,138,624,576,187,530,47,57,4.32
01097_006718.jpg,255,30,549,114,465,409,170,324,23,18,2.31
01098_006719.jpg,3,55,128,0,185,125,59,181,26,33,8.76
01099_006720.jpg,297,140,416,151,405,270,286,259,28,21,1.35
01100_006721.jpg,190,-53,363,12,297,185,124,118,6,8,2.13
01101_006722.jpg,2,25,157,19,163,174,8,180,58,59,6.15
01102_006723.jpg,217,70,355,97,329,235,190,208,16,30,14.50
01103_006724.jpg,153,93,816,117,792,780,129,756,29,33,3.23
01104_006725.jpg,163,171,1035,199,1007,1070,136,1042,91,75,4.39
01105_006726.jpg,40,28,132,32,128,124,36,120,12,15,1.79
01106_006727.jpg,75,-1,275,-7,281,192,81,198,80,84,3.17
01107_006728.jpg,101,149,858,62,945,820,188,907,35,37,4.55
01108_006729.jpg,146,37,381,26,392,261,157,272,52,55,6.29
01109_006730.jpg,-23,0,252,19,232,295,-43,275,61,23,2.64
01110_006731.jpg,21,76,1073,20,1128,1072,76,1128,57,57,4.09
01111_006732.jpg,10,16,157,-7,181,139,33,163,30,33,6.62
01112_006733.jpg,166,18,262,18,261,114,165,114,37,43,5.74
01113_006734.jpg,33,40,103,30,112,100,43,109,4,6,1.14
01114_006735.jpg,151,241,652,151,741,652,240,741,24,19,7.56
01115_006736.jpg,23,4,225,11,219,213,16,206,4,5,1.86
01116_006737.jpg,76,218,709,155,772,788,139,851,42,40,5.06
01117_006738.jpg,219,35,654,32,656,467,221,470,45,37,4.10
01118_006739.jpg,38,10,195,31,174,188,17,167,49,58,7.11
01119_006740.jpg,34,19,138,28,128,132,24,122,18,18,1.97
01120_006741.jpg,22,32,141,17,157,136,38,151,30,22,4.51
01121_006742.jpg,464,351,877,390,839,803,425,765,32,46,9.29
01122_006743.jpg,1,-10,328,-13,331,312,5,315,14,18,3.20
01123_006744.jpg,267,-14,413,2,395,149,249,131,50,54,4.18
01124_006745.jpg,32,24,151,21,154,140,35,143,64,75,5.66
01125_006746.jpg,27,37,117,22,132,113,41,127,90,90,2.74
01126_006747.jpg,160,102,371,61,412,271,201,312,13,13,1.13
01127_006748.jpg,101,14,204,13,205,117,102,118,34,31,3.88
01128_006749.jpg,-26,62,523,17,568,567,18,612,63,61,4.41
01129_006750.jpg,175,37,452,64,425,341,148,314,19,21,0.81
01130_006751.jpg,2,53,158,2,209,158,53,209,25,26,4.24
01131_006752.jpg,23,-8,202,8,184,187,5,169,26,18,1.23
01132_006753.jpg,4,49,116,3,162,115,51,161,16,18,3.43
01133_006754.jpg,313,-29,1068,36,1001,791,246,724,42,39,4.25
01134_006755.jpg,5,-22,569,-25,572,538,8,541,62,51,6.11
01135_006756.jpg,38,35,107,31,111,100,42,104,90,71,7.50
01136_006757.jpg,224,63,659,-41,764,392,329,497,54,55,3.44
01137_006758.jpg,192,51,449,48,452,305,195,308,16,16,1.15
01138_006759.jpg,45,37,276,40,273,270,42,267,39,39,3.76
01139_006760.jpg,124,78,285,109,254,270,92,239,60,56,5.25
01140_006761.jpg,222,166,865,157,874,799,231,808,31,28,3.08
01141_006762.jpg,-1,0,252,0,251,254,-2,252,35,43,7.22
01142_006763.jpg,91,18,276,18,276,202,91,202,4,3,1.23
01143_006764.jpg,-39,-6,308,-45,348,302,0,342,58,51,6.94
01144_006765.jpg,29,27,140,22,145,133,34,138,85,79,4.62
01145_006766.jpg,-34,4,225,-50,279,209,19,264,54,51,7.00
01146_006767.jpg,143,9,242,3,248,101,149,107,40,40,9.90
01147_006768.jpg,356,20,607,-34,663,216,411,272,11,5,1.63
01148_006769.jpg,-72,-29,963,-9,943,1026,-92,1006,32,28,2.89
01149_006770.jpg,64,13,332,-13,359,255,90,281,65,58,6.22
01150_006771.jpg,219,182,353,204,332,338,198,316,4,4,0.94
01151_006772.jpg,81,1,278,-25,304,171,108,197,50,47,6.56
01152_006773.jpg,114,47,317,48,316,251,113,250,13,14,2.00
01153_006774.jpg,28,17,193,14,196,179,31,182,30,45,7.41
01154_006775.jpg,-37,24,234,39,219,311,-52,296,25,22,4.40
01155_006776.jpg,26,14,173,17,170,165,23,162,9,8,2.01
01156_006777.jpg,22,38,108,20,126,105,40,123,10,8,1.69
01157_006778.jpg,13,2,193,0,195,180,15,182,26,17,1.57
01158_006779.jpg,59,61,274,55,280,270,65,276,16,18,3.08
01159_006780.jpg,153,7,349,38,318,234,122,203,5,3,0.17
01160_006781.jpg,85,177,235,166,246,315,96,326,18,16,1.58
01161_006782.jpg,62,-75,748,106,565,792,-119,609,20,26,4.20
01162_006783.jpg,-18,47,171,7,211,197,22,237,70,71,5.99
01163_006784.jpg,97,79,516,27,567,446,148,498,2,3,0.44
01164_006785.jpg,226,82,405,62,426,241,246,262,5,4,1.28
01165_006786.jpg,169,128,791,134,786,756,164,750,58,47,4.60
01166_006787.jpg,15,21,150,14,157,148,22,155,16,16,1.39
01167_006788.jpg,15,33,145,12,166,141,36,162,60,73,4.48
01168_006789.jpg,101,44,288,40,292,228,105,231,70,76,4.40
01169_006790.jpg,198,100,433,92,440,327,205,334,6,7,1.50
01170_006791.jpg,-52,-31,340,-60,369,332,-23,361,36,30,3.33
01171_006792.jpg,-87,222,503,65,660,655,70,812,27,28,4.65
01172_006794.jpg,47,27,125,38,114,115,36,104,27,36,7.85
01173_006795.jpg,185,74,323,84,313,222,175,212,2,2,0.36
01174_006796.jpg,34,9,207,23,193,196,20,182,32,25,2.94
01175_006797.jpg,126,24,740,92,673,705,59,638,24,30,4.38
01176_006798.jpg,-6,40,375,23,392,405,10,422,49,54,5.22
01177_006799.jpg,70,17,240,45,211,214,42,186,4,5,1.09
01178_006800.jpg,0,18,336,-27,382,309,46,355,15,16,2.07
01179_006801.jpg,18,16,191,12,195,186,22,190,30,38,5.95
01180_006802.jpg,20,19,185,14,190,180,25,184,60,59,5.49
01181_006803.jpg,-5,3,200,-17,222,188,16,209,30,35,5.44
01182_006804.jpg,34,30,117,30,117,113,34,113,8,12,0.92
01183_006805.jpg,36,37,106,32,111,102,41,107,5,6,1.38
01184_006806.jpg,22,14,177,16,176,171,21,170,25,30,4.00
01185_006807.jpg,27,11,186,15,182,174,23,170,26,23,2.09
01186_006808.jpg,-11,111,542,89,563,644,9,665,47,28,3.69
01187_006809.jpg,151,82,374,112,345,335,121,305,11,11,0.73
01188_006810.jpg,28,298,135,296,138,403,31,406,30,25,3.45
01189_006811.jpg,194,119,334,172,280,312,141,258,26,24,1.49
01190_006812.jpg,28,42,108,23,127,104,47,123,3,5,1.21
01191_006813.jpg,126,78,1088,80,1086,1043,124,1041,20,23,2.97
01192_006814.jpg,96,1,175,-6,184,72,105,80,31,30,5.40
01193_006815.jpg,158,123,341,118,346,301,163,306,30,28,2.92
01194_006817.jpg,3,25,180,0,206,176,29,202,27,18,3.70
01195_006818.jpg,305,138,824,156,805,676,286,657,37,40,5.67
01196_006819.jpg,170,42,442,2,483,274,210,315,4,2,0.57
01197_006820.jpg,260,-32,494,45,416,278,182,201,24,18,1.78
01198_006821.jpg,260,-8,478,17,453,236,234,210,50,51,4.32
01199_006822.jpg,248,45,926,163,808,842,130,724,37,36,5.21
01200_006823.jpg,64,70,473,-86,630,321,222,479,2,3,0.53
01201_006824.jpg,223,104,435,67,473,278,261,316,24,26,2.85
01202_006825.jpg,240,136,401,179,359,340,197,298,30,18,2.99
01203_006826.jpg,282,60,931,196,795,844,147,709,53,48,3.31
01204_006827.jpg,43,22,253,37,237,247,27,232,23,30,5.44
01205_006828.jpg,283,53,906,233,726,856,103,677,40,32,4.99
01206_006829.jpg,315,379,604,365,618,654,329,669,23,30,4.63
01207_006830.jpg,-18,-54,242,2,185,263,-74,206,30,29,3.32
01208_006831.jpg,0,-2,1112,139,971,1252,-141,1111,14,15,1.15
01209_006832.jpg,113,119,629,62,686,578,170,635,43,45,8.05
01210_006833.jpg,41,34,106,41,99,106,34,99,10,8,1.15
01211_006834.jpg,187,58,292,35,314,141,209,163,30,30,2.35
01212_006835.jpg,166,41,411,37,415,283,170,287,19,25,3.92
01213_006836.jpg,249,84,406,88,403,245,246,242,25,29,5.43
01214_006837.jpg,240,59,382,46,395,188,253,202,12,14,1.55
01215_006838.jpg,-111,51,755,-22,829,845,-37,919,48,45,4.67
01216_006839.jpg,83,97,314,73,337,304,107,327,2,4,1.23
01217_006840.jpg,25,18,150,19,149,144,24,143,40,36,4.13
01218_006841.jpg,551,47,665,70,642,184,527,161,27,26,4.09
01219_006842.jpg,305,103,697,119,680,511,289,494,37,30,6.27
01220_006843.jpg,15,53,265,-25,343,224,94,302,40,44,3.22
01221_006844.jpg,36,41,105,32,113,101,44,110,70,65,7.39
01222_006845.jpg,104,-30,1029,29,969,953,44,893,79,76,7.92
01223_006846.jpg,49,10,163,34,139,148,25,124,47,49,5.18
01224_006847.jpg,123,-53,804,111,640,792,-40,627,36,29,4.90
01225_006848.jpg,308,60,651,117,594,460,251,403,8,6,1.11
01226_006849.jpg,38,36,111,33,114,106,41,109,17,21,4.82
01227_006850.jpg,51,8,316,8,316,273,51,273,33,28,3.10
01228_006851.jpg,-2,-92,538,-35,481,505,-60,448,17,20,2.76
01229_006852.jpg,87,-21,495,-1,475,406,68,386,16,20,2.30
01230_006853.jpg,46,-44,272,-30,258,195,31,181,13,18,3.94
01231_006854.jpg,28,103,634,25,712,631,106,709,31,35,5.54
01232_006855.jpg,106,76,290,80,287,264,102,261,26,49,6.41
01233_006856.jpg,-26,43,1002,202,843,1230,-184,1072,37,30,4.24
01234_006857.jpg,159,-37,474,-15,452,300,136,277,78,85,6.76
01235_006858.jpg,105,142,276,119,299,290,128,313,27,17,2.00
01236_006859.jpg,6,32,186,-12,230,166,51,211,5,3,0.56
01237_006860.jpg,85,111,282,120,273,317,76,308,60,53,7.78
01238_006861.jpg,31,13,146,28,132,143,16,129,13,21,3.05
01239_006862.jpg,44,18,152,38,132,146,24,126,30,27,5.26
01240_006863.jpg,152,87,290,89,289,227,150,225,80,84,6.23
01241_006864.jpg,-42,24,469,20,473,533,-38,537,34,28,2.90
01242_006865.jpg,73,140,497,-47,685,376,261,564,79,54,6.28
01243_006866.jpg,4,14,143,1,155,141,16,153,30,30,3.28
01244_006867.jpg,29,19,186,14,191,171,34,176,53,55,5.68
01245_006868.jpg,21,25,144,17,152,140,29,148,7,9,1.08
01246_006869.jpg,284,65,882,101,846,699,248,664,45,50,6.34
01247_006870.jpg,-62,21,333,-82,438,312,42,417,34,35,5.21
01248_006871.jpg,48,-5,301,-1,297,251,44,247,30,26,3.97
01249_006873.jpg,-265,192,612,7,796,885,-80,1069,54,51,5.23
01250_006875.jpg,29,39,112,27,124,111,41,122,40,40,4.81
01251_006876.jpg,73,87,257,70,275,254,91,271,14,17,1.30
01252_006877.jpg,355,50,473,34,489,152,370,168,1,2,0.39
01253_006878.jpg,183,100,310,103,307,230,180,227,30,18,2.83
01254_006879.jpg,82,10,475,50,435,444,42,403,65,60,6.61
01255_006880.jpg,87,101,222,98,225,232,90,235,2,2,0.24
01256_006881.jpg,-19,17,1054,-66,1138,1007,64,1091,28,31,4.65
01257_006882.jpg,13,-64,346,2,279,335,-52,268,40,34,3.85
01258_006883.jpg,52,100,814,-45,960,715,198,861,29,44,6.09
01259_006884.jpg,28,111,446,126,431,545,13,530,12,19,1.87
01260_006885.jpg,397,53,578,54,577,235,396,234,21,25,6.09
01261_006886.jpg,0,32,179,-7,219,172,39,211,40,50,7.27
01262_006887.jpg,166,122,335,126,331,295,162,291,14,14,0.81
01263_006888.jpg,28,22,132,26,128,130,24,126,30,26,2.93
01264_006889.jpg,43,32,120,38,114,114,37,108,30,18,3.08
01265_006890.jpg,162,101,298,93,307,229,170,237,1,1,0.14
01266_006891.jpg,158,40,289,44,285,175,154,171,26,27,4.00
01267_006892.jpg,32,31,129,28,132,124,35,127,25,25,3.42
01268_006893.jpg,110,63,505,65,502,460,107,458,21,25,5.70
01269_006894.jpg,16,-41,308,-1,268,290,-24,250,4,4,8.05
01270_006895.jpg,33,18,140,24,134,132,27,126,7,6,2.24
01271_006896.jpg,78,-8,355,31,315,309,38,269,29,32,7.38
01272_006897.jpg,43,16,170,38,149,164,22,143,26,22,2.59
01273_006898.jpg,162,61,994,79,976,910,145,892,47,32,5.04
01274_006899.jpg,99,16,219,27,207,146,88,135,30,30,4.79
01275_006900.jpg,480,7,1033,217,824,770,271,560,53,46,5.34
01276_006901.jpg,175,59,321,63,317,209,171,205,29,18,1.37
01277_006902.jpg,20,-1,197,10,185,187,8,175,6,7,2.72
01278_006903.jpg,171,204,444,193,455,465,182,476,52,41,6.73
01279_006904.jpg,67,1,500,59,442,492,9,434,17,24,3.68
01280_006905.jpg,36,-1,152,35,115,151,-1,114,30,26,4.78
01281_006906.jpg,259,42,783,134,691,658,167,566,23,28,3.42
01282_006907.jpg,34,-1,155,18,135,140,13,119,25,18,1.04
01283_006908.jpg,40,7,809,94,722,863,-46,776,65,78,5.65
01284_006909.jpg,68,44,584,31,598,547,82,560,31,49,4.85
01285_006910.jpg,44,23,124,50,97,131,16,103,20,26,3.28
01286_006911.jpg,36,34,107,29,111,101,40,105,6,7,1.83
01287_006912.jpg,149,104,354,71,387,277,181,309,8,6,1.79
01288_006913.jpg,36,33,113,31,115,108,38,110,11,9,1.70
01289_006914.jpg,42,52,336,19,369,312,76,346,29,27,3.49
01290_006915.jpg,41,220,288,182,325,428,79,466,30,28,4.41
01291_006916.jpg,138,104,276,140,240,278,102,242,25,19,4.04
01292_006917.jpg,28,3,216,8,211,195,23,190,31,36,5.94
01293_006918.jpg,107,41,289,12,318,193,137,223,26,26,3.18
01294_006919.jpg,241,60,410,68,402,237,233,229,50,47,5.64
01295_006920.jpg,13,39,140,5,173,132,46,166,31,26,2.38
01296_006921.jpg,260,29,407,36,400,183,253,177,50,44,5.45
01297_006922.jpg,263,39,610,-24,674,322,327,386,33,26,2.96
01298_006923.jpg,40,39,105,37,108,102,43,105,49,55,7.36
01299_006924.jpg,115,-36,942,55,849,882,22,789,37,28,4.65
01300_006925.jpg,157,174,456,70,560,370,261,473,44,44,4.78
01301_006926.jpg,18,115,291,72,334,345,61,388,22,27,4.44
01302_006927.jpg,70,85,745,90,739,765,64,759,29,30,4.78
01303_006928.jpg,235,272,339,275,336,379,233,376,80,85,2.94
01304_006929.jpg,34,29,137,28,138,132,35,133,16,16,2.91
01305_006930.jpg,38,89,287,82,295,332,45,339,5,6,0.95
01306_006931.jpg,160,92,345,50,387,234,202,277,1,1,0.09
01307_006932.jpg,18,32,179,9,202,170,41,194,50,65,5.40
01308_006933.jpg,88,120,261,102,279,275,106,292,1,1,0.55
01309_006934.jpg,-83,53,487,13,527,585,-44,624,35,33,3.28
01310_006935.jpg,126,7,242,-8,257,106,142,122,32,35,4.09
01311_006936.jpg,36,13,132,20,125,116,29,109,5,10,1.08
01312_006937.jpg,56,79,969,-71,1119,841,206,991,22,32,4.18
01313_006938.jpg,169,149,254,151,252,236,167,234,30,23,4.66
01314_006939.jpg,67,26,140,16,150,89,77,99,7,7,1.61
01315_006940.jpg,33,-13,247,16,217,229,4,199,50,50,9.80
01316_006941.jpg,289,88,419,104,403,233,273,218,38,46,5.15
01317_006942.jpg,-142,118,842,20,940,1005,-44,1103,46,49,5.29
01318_006943.jpg,26,124,334,21,436,328,129,431,26,23,3.17
01319_006944.jpg,34,39,96,30,105,92,43,101,4,3,1.00
01320_006945.jpg,18,10,203,10,203,195,18,195,24,27,3.00
01321_006946.jpg,95,10,333,30,313,268,75,249,25,27,3.88
01322_006947.jpg,31,35,120,28,127,116,39,123,14,16,4.67
01323_006948.jpg,281,120,632,116,636,468,285,472,38,46,6.75
01324_006949.jpg,235,128,338,108,358,211,255,232,69,78,6.58
01325_006950.jpg,17,26,145,11,160,139,32,154,60,60,5.19
01326_006951.jpg,245,15,399,9,404,163,251,169,12,13,1.29
01327_006952.jpg,237,137,705,111,731,579,263,605,40,43,4.77
01328_006953.jpg,32,35,128,26,138,122,41,132,22,18,1.68
01329_006954.jpg,14,32,167,9,190,161,38,184,26,23,2.99
01330_006955.jpg,84,38,392,24,405,331,98,345,41,40,3.43
01331_006956.jpg,153,111,303,125,290,275,140,261,9,8,1.22
01332_006957.jpg,166,-5,1045,52,986,931,107,872,48,47,4.03
01333_006958.jpg,13,-29,468,-39,478,416,22,426,30,27,3.30
01334_006959.jpg,242,34,353,31,356,142,245,145,50,47,5.90
01335_006960.jpg,127,-53,400,23,323,297,50,219,28,28,5.39
01336_006961.jpg,230,66,353,85,334,208,211,189,2,2,0.57
01337_006962.jpg,31,31,177,21,186,167,40,176,1,1,0.03
01338_006963.jpg,37,33,122,31,124,115,39,117,60,88,2.64
01339_006964.jpg,232,-32,420,-15,403,173,215,156,2,2,0.36
01340_006965.jpg,-7,77,543,-47,668,503,117,628,34,42,5.36
01341_006966.jpg,29,15,171,26,160,167,18,157,27,38,6.58
01342_006967.jpg,-37,-51,386,-61,396,361,-26,372,43,47,5.99
01343_006968.jpg,-206,-56,723,9,657,938,-272,872,51,52,6.15
01344_006969.jpg,37,33,102,34,101,99,36,98,70,75,9.89
01345_006970.jpg,434,-41,693,-52,703,206,445,216,4,2,3.23
01346_006971.jpg,-304,114,668,-33,816,940,-157,1088,49,40,4.20
01347_006972.jpg,237,46,978,9,1015,751,273,788,32,32,6.48
01348_006973.jpg,111,183,821,154,850,863,140,893,47,49,4.85
01349_006974.jpg,12,-118,1200,-166,1248,1020,61,1069,38,40,4.73
01350_006975.jpg,13,21,185,4,202,176,30,193,85,72,5.74
01351_006976.jpg,122,26,506,32,500,416,116,410,25,25,3.22
01352_006977.jpg,41,23,146,34,135,139,30,129,18,16,1.97
01353_006978.jpg,18,30,266,14,281,262,34,277,27,32,3.90
01354_006979.jpg,106,3,302,-13,319,183,123,199,26,29,5.91
01355_006980.jpg,-2,25,220,-15,261,208,37,248,18,18,2.72
01356_006981.jpg,46,38,89,41,86,84,43,81,7,8,1.62
01357_006982.jpg,27,20,127,11,137,111,37,120,5,6,0.92
01358_006983.jpg,25,-15,229,12,200,216,-3,188,26,18,3.71
01359_006984.jpg,27,30,147,20,157,141,37,151,18,28,5.53
01360_006985.jpg,-76,-96,580,-103,587,552,-69,559,46,49,6.65
01361_006986.jpg,-59,-87,460,-80,452,439,-66,432,36,27,4.59
01362_006987.jpg,32,19,155,25,149,148,26,142,6,10,1.55
01363_006988.jpg,-30,261,561,50,771,641,180,852,34,33,5.02
01364_006989.jpg,7,25,192,0,216,184,32,209,70,69,2.93
01365_006990.jpg,128,61,485,37,509,394,152,418,29,17,1.48
01366_006991.jpg,27,-28,265,18,218,256,-19,208,38,30,5.36
01367_006992.jpg,480,58,908,116,849,544,421,485,25,26,3.14
01368_006993.jpg,232,48,301,50,299,120,230,118,6,4,0.93
01369_006994.jpg,0,-43,361,-17,335,344,-26,318,42,55,6.56
01370_006995.jpg,18,26,120,11,134,113,33,128,29,30,11.87
01371_006996.jpg,23,5,172,13,165,163,15,155,2,2,0.58
01372_006997.jpg,54,32,119,50,101,115,36,97,70,75,6.38
01373_006998.jpg,40,154,342,127,370,429,68,456,34,30,3.32
01374_006999.jpg,25,13,179,21,171,174,17,166,49,50,4.92
01375_007000.jpg,54,151,204,32,323,182,173,301,1,1,0.20
01376_007001.jpg,34,29,125,28,126,119,35,120,25,25,3.94
01377_007002.jpg,18,41,119,11,148,111,48,141,70,70,4.23
01378_007003.jpg,131,13,842,77,778,788,67,724,65,63,5.94
01379_007004.jpg,-27,59,216,10,265,254,22,303,27,25,5.04
01380_007005.jpg,207,162,335,134,363,261,235,290,11,12,0.94
01381_007006.jpg,170,-54,666,-68,680,426,185,441,12,12,0.75
01382_007007.jpg,29,18,152,23,147,146,24,141,18,23,2.66
01383_007008.jpg,20,3,193,10,186,183,13,176,21,19,2.52
01384_007009.jpg,376,150,764,193,720,581,332,538,25,26,5.48
01385_007010.jpg,251,193,708,209,692,666,235,650,34,32,5.20
01386_007011.jpg,79,90,776,23,844,719,147,787,56,43,6.96
01387_007012.jpg,4,0,208,-9,216,194,13,202,16,18,1.21
01388_007013.jpg,114,-3,262,62,196,209,49,144,54,50,6.31
01389_007014.jpg,41,114,588,46,656,593,109,661,40,30,6.63
01390_007015.jpg,77,-72,412,55,285,390,-50,262,22,29,5.42
01391_007016.jpg,97,2,795,54,743,752,45,701,69,52,5.42
01392_007017.jpg,35,-25,288,4,259,257,6,228,25,27,6.63
01393_007018.jpg,21,38,118,18,138,115,41,135,43,54,3.84
01394_007019.jpg,39,40,89,37,92,87,42,90,30,26,2.72
01395_007020.jpg,-86,279,755,108,927,950,85,1122,26,28,4.96
01396_007021.jpg,359,51,670,40,681,351,370,362,42,42,10.01
01397_007022.jpg,126,86,299,84,302,256,129,259,52,50,6.07
01398_007023.jpg,-1,36,232,25,243,259,9,270,32,34,5.14
01399_007024.jpg,15,114,248,68,294,301,61,347,50,60,8.23
01400_007025.jpg,121,25,253,49,229,181,97,157,26,26,3.53
01401_007026.jpg,-22,50,247,86,211,356,-58,320,4,5,0.73
01402_007027.jpg,24,-35,281,8,236,265,-20,221,2,6,1.64
01403_007028.jpg,37,27,152,31,148,146,33,143,26,22,2.05
01404_007029.jpg,29,38,113,23,129,107,44,123,70,65,5.90
01405_007030.jpg,9,-10,224,4,209,219,-5,204,1,1,0.44
01406_007031.jpg,151,17,848,39,827,736,130,714,32,31,3.31
01407_007032.jpg,32,-4,220,18,197,206,9,183,26,27,6.21
01408_007033.jpg,167,1,428,-16,447,245,185,263,41,54,6.91
01409_007034.jpg,247,186,370,192,364,315,241,309,4,2,1.47
01410_007035.jpg,-17,21,240,-34,296,223,38,279,18,19,2.73
01411_007037.jpg,126,39,265,63,241,201,103,177,4,4,0.79
01412_007038.jpg,180,114,330,143,301,294,151,265,7,10,2.22
01413_007039.jpg,29,12,156,19,149,147,22,139,1,1,0.22
01414_007040.jpg,-38,49,472,-62,584,448,73,560,44,45,4.31
01415_007041.jpg,2,5,178,-2,186,174,9,182,50,52,4.05
01416_007042.jpg,92,7,242,54,194,204,45,156,19,25,4.25
01417_007043.jpg,149,174,283,193,265,327,130,309,5,8,0.86
01418_007044.jpg,29,41,99,29,110,99,41,111,25,26,6.10
01419_007045.jpg,28,23,149,25,147,146,26,144,40,40,4.51
01420_007046.jpg,181,27,436,37,426,292,171,283,23,44,6.44
01421_007047.jpg,22,10,214,12,212,204,20,202,1,1,0.03
01422_007048.jpg,504,-135,761,-24,650,232,393,121,1,30,14.57
01423_007049.jpg,306,80,640,127,593,460,260,414,31,36,8.09
01424_007050.jpg,434,148,912,242,819,719,341,626,55,49,4.69
01425_007051.jpg,43,33,108,36,105,102,40,99,8,7,0.71
01426_007052.jpg,235,125,370,124,371,259,236,260,5,5,1.93
01427_007053.jpg,58,67,269,55,282,266,71,278,25,26,4.93
01428_007054.jpg,27,-52,649,35,562,657,-60,570,57,56,5.53
01429_007055.jpg,26,30,140,16,154,131,39,145,30,30,5.27
01430_007056.jpg,14,-44,320,7,267,313,-38,261,42,36,4.50
01431_007057.jpg,-39,104,616,-27,748,628,91,760,30,18,3.82
01432_007058.jpg,170,92,360,62,390,252,199,282,3,3,0.63
01433_007059.jpg,230,51,341,54,338,165,227,162,11,12,0.93
01434_007060.jpg,139,104,404,136,372,401,107,369,5,7,1.17
01435_007061.jpg,42,34,115,39,110,112,37,107,10,8,1.70
01436_007062.jpg,108,134,289,137,286,317,105,314,4,7,1.51
01437_007063.jpg,127,33,898,37,894,808,123,805,48,45,5.76
01438_007064.jpg,-6,28,192,-25,247,173,48,227,22,23,2.26
01439_007065.jpg,38,26,157,32,150,152,31,145,10,8,1.26
01440_007066.jpg,57,257,474,18,713,435,296,674,32,28,3.24
01441_007067.jpg,74,66,665,60,671,651,80,656,32,16,3.01
01442_007068.jpg,115,48,316,59,305,261,103,250,70,69,5.45
01443_007070.jpg,22,19,172,10,180,160,31,169,50,52,7.55
01444_007071.jpg,39,15,147,27,135,135,27,123,90,90,5.53
01445_007072.jpg,38,18,195,25,188,183,31,176,28,50,8.46
01446_007074.jpg,31,3,219,24,197,212,9,191,25,17,3.46
01447_007075.jpg,-27,34,206,-29,270,204,36,268,19,18,1.78
01448_007076.jpg,190,48,472,66,454,349,172,330,3,4,0.52
01449_007077.jpg,-229,240,830,263,808,1323,-252,1301,24,25,2.75
01450_007078.jpg,48,18,178,13,183,143,53,148,76,70,6.69
01451_007079.jpg,67,8,212,11,209,156,64,153,37,29,3.65
01452_007080.jpg,340,25,444,28,440,132,337,129,10,9,1.28
01453_007081.jpg,28,33,126,24,135,123,37,132,60,60,3.98
01454_007082.jpg,273,144,856,177,823,760,240,727,52,73,2.55
01455_007083.jpg,92,81,269,75,275,251,98,258,1,1,0.07
01456_007084.jpg,233,102,794,184,712,744,152,663,35,34,4.57
01457_007085.jpg,152,125,251,123,253,223,154,224,66,55,5.98
01458_007086.jpg,37,37,109,34,112,106,40,109,8,8,1.73
01459_007087.jpg,15,244,733,118,859,836,141,962,39,46,3.86
01460_007088.jpg,251,193,770,163,800,682,282,712,70,66,4.33
01461_007089.jpg,11,27,150,5,173,144,34,166,85,70,5.18
01462_007090.jpg,11,33,435,-10,479,413,55,457,32,28,5.27
01463_007091.jpg,42,26,124,37,112,119,31,107,70,67,7.86
01464_007092.jpg,30,74,476,60,489,506,44,520,39,35,7.35
01465_007093.jpg,37,35,114,33,116,111,39,113,40,44,12.55
01466_007095.jpg,202,37,415,31,422,244,209,251,40,39,5.02
01467_007096.jpg,27,-5,228,13,209,214,8,195,25,24,9.18
01468_007097.jpg,44,14,136,40,110,132,18,106,50,60,5.80
01469_007098.jpg,69,13,250,60,203,242,22,195,44,37,9.03
01470_007099.jpg,144,99,443,55,487,354,188,398,45,45,3.66
01471_007100.jpg,-37,188,589,66,711,693,84,815,29,30,5.41
01472_007101.jpg,170,157,761,132,786,723,195,748,50,50,3.79
01473_007102.jpg,107,14,315,0,330,208,122,222,33,21,3.16
01474_007103.jpg,32,37,128,28,138,124,41,134,30,40,4.77
01475_007104.jpg,9,1,232,-8,242,214,19,224,59,65,6.77
01476_007105.jpg,-65,106,477,14,569,556,26,648,35,31,7.14
01477_007106.jpg,169,54,351,101,304,283,123,236,31,27,3.83
01478_007107.jpg,162,4,334,-39,378,132,206,177,25,29,4.81
01479_007108.jpg,238,95,947,222,821,930,112,804,34,27,3.46
01480_007109.jpg,282,101,452,123,429,293,259,271,2,2,0.65
01481_007110.jpg,25,28,161,16,173,152,38,164,85,85,6.49
01482_007111.jpg,11,16,197,2,210,187,25,201,37,34,5.42
01483_007112.jpg,65,60,332,62,330,328,63,326,27,24,3.93
01484_007113.jpg,129,18,459,10,467,340,137,348,9,11,1.73
01485_007114.jpg,29,9,163,20,152,154,18,144,31,30,6.20
01486_007115.jpg,135,36,310,62,284,237,109,211,39,42,6.56
01487_007116.jpg,50,5,149,6,148,105,49,104,4,3,0.58
01488_007117.jpg,38,25,130,31,124,123,32,117,6,5,0.82
01489_007118.jpg,-20,49,158,-22,231,156,51,228,29,35,6.53
01490_007119.jpg,-14,104,250,12,342,276,77,368,60,56,5.13
01491_007120.jpg,-3,24,236,23,237,263,-2,264,21,27,4.99
01492_007121.jpg,58,-4,334,-14,344,261,68,271,4,3,0.77
01493_007122.jpg,44,-48,1109,0,1061,1065,-4,1016,24,29,2.84
01494_007123.jpg,98,-44,706,87,573,695,-34,562,24,29,6.49
01495_007124.jpg,183,-20,379,-15,373,180,177,175,10,12,2.52
01496_007125.jpg,316,0,579,47,532,311,269,264,2,2,0.23
01497_007126.jpg,-19,0,287,-33,321,274,13,307,27,29,4.60
01498_007127.jpg,356,59,423,60,422,126,355,125,30,26,3.31
01499_007128.jpg,37,1,199,27,173,189,11,163,7,6,1.32
01500_007129.jpg,51,-68,481,-70,484,359,54,361,1,1,0.50
01501_007130.jpg,83,114,429,118,425,464,79,460,12,15,1.53
01502_007131.jpg,46,27,141,41,127,137,31,123,21,16,1.23
01503_007133.jpg,33,45,79,32,93,78,46,92,18,26,6.75
01504_007134.jpg,24,27,152,16,163,145,34,156,47,46,4.34
01505_007135.jpg,141,51,252,50,253,162,142,163,12,14,1.57
01506_007136.jpg,27,92,376,55,413,405,63,441,7,9,1.53
01507_007137.jpg,181,38,466,32,472,317,187,322,1,1,0.01
01508_007138.jpg,17,26,151,5,172,140,37,161,3,3,1.28
01509_007139.jpg,-100,110,856,-140,1108,817,150,1068,69,69,5.19
01510_007140.jpg,77,-5,826,40,780,788,31,742,24,30,4.37
01511_007141.jpg,105,57,301,103,255,299,59,253,74,73,6.20
01512_007142.jpg,18,20,173,12,181,167,26,175,4,5,1.43
01513_007143.jpg,134,67,204,62,209,132,139,137,28,24,7.74
01514_007144.jpg,15,28,158,-2,189,141,45,171,25,28,3.34
01515_007145.jpg,29,10,192,22,179,184,17,172,25,24,2.75
01516_007146.jpg,96,31,269,27,274,199,101,204,43,35,5.46
01517_007147.jpg,411,166,631,129,668,348,449,385,17,18,2.04
01518_007148.jpg,-5,-6,252,-20,266,237,9,251,20,15,1.06
01519_007149.jpg,145,12,441,73,380,369,84,308,16,15,1.52
01520_007150.jpg,393,27,597,29,595,233,391,231,32,54,7.34
01521_007151.jpg,3,24,158,-2,185,152,30,179,30,37,6.53
01522_007152.jpg,39,-5,205,27,172,193,6,160,70,70,3.75
01523_007153.jpg,107,60,495,39,516,428,127,449,21,26,3.46
01524_007154.jpg,47,124,1115,155,1085,1223,16,1192,39,45,4.04
01525_007155.jpg,272,153,337,153,337,217,272,217,27,29,5.32
01526_007156.jpg,81,143,765,8,900,693,215,827,19,27,5.14
01527_007157.jpg,148,71,267,68,270,187,151,190,1,1,0.08
01528_007158.jpg,109,81,300,10,371,202,180,272,26,31,7.57
01529_007159.jpg,257,9,518,48,478,309,217,270,1,1,0.21
01530_007160.jpg,106,17,217,16,218,127,107,128,16,19,7.10
01531_007161.jpg,113,9,350,-14,374,223,136,246,60,51,5.62
01532_007162.jpg,-58,201,323,15,509,397,128,583,43,37,5.77
01533_007163.jpg,27,23,158,21,160,152,29,154,4,2,0.31
01534_007164.jpg,29,25,165,21,169,157,33,161,11,7,1.52
01535_007165.jpg,133,123,276,136,262,279,120,265,65,61,5.52
01536_007166.jpg,93,3,502,78,427,487,18,413,29,34,7.56
01537_007167.jpg,-22,-2,312,-32,342,301,8,332,53,58,8.20
01538_007168.jpg,34,156,824,65,915,855,125,946,46,40,7.40
01539_007169.jpg,260,45,705,45,705,490,260,490,74,60,5.47
01540_007171.jpg,-1,11,181,-18,211,164,28,194,19,18,2.40
01541_007172.jpg,21,17,167,13,171,158,25,163,7,9,0.91
01542_007173.jpg,13,129,634,54,710,675,89,750,34,36,6.12
01543_007174.jpg,109,-13,861,84,763,836,11,738,31,39,5.02
01544_007175.jpg,322,24,421,18,427,116,328,122,65,67,5.91
01545_007176.jpg,82,61,259,61,259,238,82,238,12,10,0.95
01546_007177.jpg,31,33,133,25,141,127,39,135,30,30,4.07
01547_007178.jpg,28,27,506,36,497,514,18,505,17,33,13.73
01548_007179.jpg,111,87,207,80,214,176,118,183,1,1,0.44
01549_007180.jpg,-38,-7,68,-7,68,100,-38,100,30,42,5.37
01550_007181.jpg,255,18,463,32,448,240,240,226,30,31,6.42
01551_007182.jpg,-7,-52,351,-21,320,337,-38,306,30,27,3.78
01552_007183.jpg,56,41,390,48,383,382,49,375,2,2,0.43
01553_007184.jpg,-13,21,409,7,423,429,1,444,61,66,6.93
01554_007185.jpg,34,40,105,31,114,103,42,111,75,60,3.80
01555_007186.jpg,207,177,392,177,392,361,207,361,2,2,0.45
01556_007187.jpg,-3,53,404,25,433,433,24,462,26,25,6.28
01557_007188.jpg,134,138,315,137,316,318,135,319,29,25,2.72
01558_007189.jpg,82,38,375,105,308,398,15,331,36,39,5.77
01559_007190.jpg,154,42,275,40,277,161,156,163,22,18,1.69
01560_007191.jpg,91,-22,305,31,252,245,37,192,13,9,2.14
01561_007192.jpg,41,-3,243,28,211,230,9,198,26,24,4.47
01562_007193.jpg,160,163,286,135,314,261,188,289,19,17,2.61
01563_007194.jpg,30,14,141,23,132,134,21,125,16,18,4.36
01564_007195.jpg,-11,-12,276,-25,289,262,1,275,25,31,6.78
01565_007196.jpg,30,24,126,25,125,121,29,120,16,16,2.04
01566_007197.jpg,146,29,357,23,363,235,152,241,21,25,2.84
01567_007198.jpg,35,30,120,31,118,116,33,114,88,90,4.91
01568_007199.jpg,83,67,286,58,296,261,92,270,16,19,2.35
01569_007200.jpg,101,13,335,2,346,235,113,247,1,1,0.07
01570_007201.jpg,31,38,108,28,118,105,41,115,5,8,1.06
01571_007202.jpg,-30,-12,291,-36,315,285,-6,309,42,40,6.46
01572_007203.jpg,15,8,211,1,218,196,22,204,46,38,5.05
01573_007204.jpg,164,54,411,32,433,279,186,301,90,80,8.19
01574_007205.jpg,33,21,136,26,131,130,28,125,40,44,5.51
01575_007207.jpg,206,117,339,115,341,247,208,249,11,13,0.96
01576_007208.jpg,25,35,145,16,163,136,44,155,16,23,2.97
01577_007209.jpg,16,17,175,11,181,170,22,176,30,25,3.75
01578_007210.jpg,-159,206,938,44,1101,1142,3,1305,82,80,4.17
01579_007211.jpg,219,40,372,17,396,170,242,194,1,1,0.03
01580_007212.jpg,142,21,215,24,212,97,139,94,7,23,6.15
01581_007213.jpg,11,13,210,1,223,200,23,213,18,22,3.85
01582_007214.jpg,31,25,142,26,141,137,30,136,18,26,2.65
01583_007215.jpg,35,25,143,31,137,138,30,133,94,90,4.10
01584_007216.jpg,118,62,313,63,313,259,117,258,60,52,5.06
01585_007217.jpg,36,2,174,28,148,167,10,141,5,4,1.05
01586_007218.jpg,27,32,123,19,136,115,40,128,11,13,3.71
01587_007219.jpg,4,-4,199,0,195,193,0,190,25,17,2.81
01588_007220.jpg,29,10,180,18,172,169,21,161,16,18,1.28
01589_007221.jpg,358,151,661,144,668,447,365,454,43,39,8.99
01590_007222.jpg,48,9,136,43,103,131,14,98,40,50,4.09
01591_007223.jpg,20,-16,232,13,203,225,-8,195,24,26,3.38
01592_007224.jpg,124,11,194,6,199,76,129,81,25,34,4.62
01593_007225.jpg,285,93,692,75,711,482,303,500,22,30,7.00
01594_007226.jpg,171,-33,781,-5,753,604,143,576,39,45,6.51
01595_007227.jpg,280,58,343,55,345,118,282,120,17,17,1.56
01596_007228.jpg,267,129,378,134,373,245,262,240,12,11,0.51
01597_007229.jpg,261,-26,648,-21,643,366,256,360,32,37,5.84
01598_007230.jpg,-4,4,221,9,217,236,-9,231,28,24,3.17
01599_007231.jpg,37,32,110,31,111,104,38,105,6,6,1.59
01600_007232.jpg,113,98,333,113,318,332,99,318,40,39,4.58
01601_007233.jpg,49,94,1056,106,1044,1113,37,1101,30,31,3.84
01602_007234.jpg,191,143,350,134,359,292,200,301,50,64,5.78
01603_007235.jpg,-62,102,709,-16,828,756,55,875,49,45,9.60
01604_007236.jpg,144,98,279,111,265,246,131,232,5,8,0.90
01605_007237.jpg,128,-11,394,-66,449,199,183,254,25,32,4.64
01606_007238.jpg,164,312,359,109,561,304,366,507,43,31,6.65
01607_007239.jpg,30,12,230,27,215,227,15,212,31,38,4.64
01608_007240.jpg,24,16,213,0,228,189,39,205,22,30,4.70
01609_007241.jpg,42,41,100,37,104,95,47,99,90,85,5.03
01610_007242.jpg,157,75,279,124,230,246,108,197,21,16,1.32
01611_007243.jpg,15,13,180,6,187,171,22,178,1,1,0.04
01612_007244.jpg,-159,51,846,42,855,1047,-149,1057,17,15,1.40
01613_007245.jpg,231,41,464,48,456,281,224,274,39,35,3.73
01614_007246.jpg,83,100,600,153,548,669,31,617,62,54,7.31
01615_007247.jpg,1,77,558,51,583,607,27,633,32,27,3.56
01616_007248.jpg,37,26,145,29,141,137,34,133,18,28,6.00
01617_007249.jpg,-104,-12,955,-33,977,1027,-83,1048,51,50,5.12
01618_007250.jpg,0,40,187,-10,238,177,50,228,37,28,3.27
01619_007251.jpg,-44,187,747,122,812,914,20,978,64,56,4.09
01620_007252.jpg,96,-67,591,-89,613,405,118,427,1,1,0.15
01621_007253.jpg,244,77,567,56,588,379,265,400,1,1,0.09
01622_007254.jpg,38,25,130,31,125,123,32,117,80,85,5.48
01623_007255.jpg,43,80,595,57,618,609,66,632,34,45,6.37
01624_007256.jpg,259,10,424,30,404,195,239,175,18,16,0.83
01625_007257.jpg,35,31,114,29,116,108,37,110,7,10,1.73
01626_007258.jpg,153,189,247,180,257,275,162,284,2,3,0.62
01627_007259.jpg,41,47,340,11,376,310,77,347,44,47,3.33
01628_007260.jpg,186,105,340,143,302,298,148,260,2,2,0.25
01629_007261.jpg,-16,-9,305,-30,327,291,5,312,32,35,3.96
01630_007262.jpg,218,57,376,75,357,233,200,215,50,47,4.76
01631_007263.jpg,30,14,173,19,168,163,25,158,16,18,2.57
01632_007264.jpg,36,18,164,28,154,156,25,146,25,18,1.95
01633_007265.jpg,40,27,94,30,90,84,37,80,50,61,7.84
01634_007266.jpg,19,25,172,6,191,159,38,178,37,34,8.85
01635_007267.jpg,55,63,481,12,531,438,105,489,26,26,3.71
01636_007268.jpg,62,-52,382,-15,345,305,25,268,16,23,3.55
01637_007269.jpg,234,61,372,55,378,193,240,199,7,5,1.52
01638_007270.jpg,15,30,144,4,170,132,41,159,20,22,2.46
01639_007271.jpg,183,30,256,29,257,102,184,103,37,34,7.10
01640_007272.jpg,119,149,385,200,335,467,68,416,2,2,0.46
01641_007273.jpg,-23,36,286,49,273,359,-36,346,29,29,3.38
01642_007274.jpg,15,16,184,2,198,171,29,185,12,10,0.79
01643_007275.jpg,273,0,573,85,487,384,188,298,21,24,3.82
01644_007276.jpg,518,96,1028,342,781,851,272,605,64,75,6.91
01645_007277.jpg,79,46,166,32,181,119,93,134,40,34,5.28
01646_007278.jpg,9,18,209,2,225,202,25,218,35,40,4.69
01647_007279.jpg,23,22,161,17,167,155,28,161,80,70,5.32
01648_007280.jpg,1,-9,266,-12,269,252,4,255,33,39,7.76
01649_007281.jpg,21,20,154,17,157,150,24,153,24,25,4.29
01650_007282.jpg,66,20,169,54,135,157,32,123,19,18,3.13
01651_007283.jpg,14,27,155,7,175,147,35,168,26,23,2.70
01652_007284.jpg,88,168,994,221,941,1126,36,1074,26,21,3.57
01653_007285.jpg,173,9,861,58,812,746,124,697,41,33,6.99
01654_007286.jpg,187,66,493,88,470,394,165,371,39,36,5.72
01655_007289.jpg,244,64,384,74,374,214,234,204,26,25,3.06
01656_007290.jpg,-53,124,303,27,400,385,42,482,27,23,2.08
01657_007291.jpg,263,42,406,23,425,166,282,186,12,10,2.10
01658_007292.jpg,397,204,509,194,518,306,407,315,33,28,3.84
01659_007293.jpg,29,14,179,22,171,172,21,164,34,30,4.08
01660_007294.jpg,150,217,303,208,312,361,159,370,60,74,4.38
01661_007295.jpg,409,120,710,179,652,480,350,422,13,27,3.92
01662_007296.jpg,113,-5,227,-17,239,97,124,109,70,71,4.86
01663_007297.jpg,130,41,253,64,230,187,107,164,5,22,2.85
01664_007298.jpg,44,24,133,38,120,127,31,113,16,25,3.97
01665_007299.jpg,27,26,138,25,139,136,28,137,16,22,3.51
01666_007300.jpg,19,34,142,12,163,135,40,157,18,20,3.62
01667_007301.jpg,175,53,413,74,392,312,154,291,1,1,0.12
01668_007302.jpg,108,19,523,54,488,469,73,434,34,24,2.89
01669_007304.jpg,218,35,370,51,353,202,202,186,6,2,0.53
01670_007305.jpg,-65,53,72,67,58,205,-79,191,25,24,2.21
01671_007306.jpg,11,3,226,3,226,218,11,218,28,24,3.70
01672_007307.jpg,-57,-12,65,-20,73,102,-49,110,16,57,10.45
01673_007308.jpg,30,12,176,22,165,168,20,157,18,18,2.09
01674_007309.jpg,54,144,360,127,377,434,70,450,5,4,0.98
01675_007310.jpg,114,107,731,77,761,695,143,724,17,21,2.82
01676_007311.jpg,435,11,592,16,587,174,430,169,53,52,6.16
01677_007312.jpg,11,4,219,-2,226,206,18,213,30,39,6.87
01678_007313.jpg,156,22,226,18,229,88,160,92,39,48,8.60
01679_007314.jpg,12,79,951,70,960,1009,21,1018,25,25,5.75
01680_007315.jpg,12,7,208,0,215,196,19,203,30,32,4.46
01681_007316.jpg,140,32,365,33,364,258,139,257,55,44,7.14
01682_007317.jpg,204,78,423,68,433,287,214,297,6,3,0.75
01683_007318.jpg,-18,42,556,27,570,602,-3,616,25,32,5.70
01684_007319.jpg,79,92,369,45,416,335,126,382,27,32,5.06
01685_007320.jpg,189,63,791,118,737,720,134,665,34,39,6.15
01686_007321.jpg,37,41,98,35,104,96,43,102,5,6,1.40
01687_007322.jpg,-171,183,695,62,816,929,-50,1050,33,33,5.51
01688_007323.jpg,223,42,453,17,478,248,248,273,40,39,4.00
01689_007324.jpg,-76,-75,480,-99,504,458,-53,481,39,52,6.36
01690_007326.jpg,183,103,275,107,271,199,179,195,8,11,0.71
01691_007327.jpg,40,40,90,37,93,87,43,90,15,17,1.37
01692_007328.jpg,82,10,550,40,520,509,51,478,26,30,6.55
01693_007329.jpg,101,70,218,110,179,227,62,188,21,24,3.35
01694_007330.jpg,77,75,1060,105,1030,1088,47,1058,38,41,4.12
01695_007331.jpg,79,48,282,45,285,247,82,250,34,27,2.25
01696_007332.jpg,152,139,256,134,260,238,157,243,2,3,0.64
01697_007333.jpg,157,49,426,25,449,294,180,318,7,7,1.06
01698_007334.jpg,-10,13,209,-16,239,203,19,233,24,22,3.22
01699_007335.jpg,5,-4,257,-12,265,238,13,246,1,2,0.17
01700_007336.jpg,-2,-352,1025,-284,957,743,-70,675,31,36,3.72
01701_007337.jpg,51,195,180,162,212,291,83,324,30,24,3.02
01702_007338.jpg,161,30,484,22,492,345,169,353,60,56,7.02
01703_007339.jpg,96,-32,896,-13,877,785,77,766,34,25,2.88
01704_007340.jpg,343,-9,1030,116,904,802,218,677,52,58,4.56
01705_007341.jpg,233,205,852,96,961,714,343,824,35,36,12.71
01706_007342.jpg,64,62,348,56,354,340,70,346,28,30,3.49
01707_007343.jpg,-21,16,189,-2,209,208,-2,227,25,27,4.42
01708_007344.jpg,15,0,211,6,204,201,8,194,30,44,5.48
01709_007345.jpg,21,14,186,7,193,172,28,179,1,1,0.28
01710_007346.jpg,106,39,246,50,234,190,95,178,30,44,6.82
01711_007347.jpg,31,31,135,26,139,130,36,134,58,27,4.15
01712_007348.jpg,189,12,389,3,399,203,198,213,24,22,1.75
01713_007349.jpg,-11,37,171,-28,238,153,55,220,5,4,0.77
01714_007350.jpg,78,39,317,42,315,280,76,278,8,8,3.23
01715_007351.jpg,98,134,303,131,305,336,101,338,12,17,2.44
01716_007352.jpg,14,16,154,9,161,149,21,156,16,18,2.40
01717_007353.jpg,-78,167,290,-52,510,316,141,536,25,39,8.88
01718_007354.jpg,149,91,343,72,362,265,169,285,2,2,0.39
01719_007355.jpg,98,3,268,5,266,175,96,173,27,18,3.19
01720_007356.jpg,183,67,383,91,359,290,159,267,6,7,1.59
01721_007357.jpg,235,-24,537,53,459,355,157,278,5,6,1.54
01722_007358.jpg,198,121,829,169,781,799,151,752,47,50,3.82
01723_007359.jpg,223,109,519,164,464,460,168,406,24,19,2.38
01724_007360.jpg,196,178,392,161,410,357,213,374,90,85,5.85
01725_007361.jpg,36,36,97,32,102,92,41,97,10,13,1.64
01726_007362.jpg,31,28,122,27,123,118,32,119,25,16,2.01
01727_007363.jpg,6,119,94,45,169,132,81,207,23,28,5.97
01728_007364.jpg,29,16,143,23,136,138,22,131,7,6,0.79
01729_007365.jpg,35,32,114,32,114,111,35,111,80,75,6.91
01730_007366.jpg,6,-9,252,2,240,248,-5,236,4,3,1.03
01731_007367.jpg,18,46,132,9,170,123,55,161,30,27,2.68
01732_007368.jpg,65,124,372,122,374,429,67,431,43,46,7.43
01733_007369.jpg,150,156,710,126,740,686,180,716,40,37,4.31
01734_007370.jpg,-78,-69,450,-103,484,425,-44,459,32,40,6.40
01735_007371.jpg,16,-75,575,-32,533,527,-26,484,63,63,6.25
01736_007372.jpg,158,30,355,-3,389,193,192,227,60,47,4.40
01737_007373.jpg,77,173,366,150,389,439,100,462,18,21,2.25
01738_007374.jpg,34,28,130,29,129,125,33,124,40,48,8.32
01739_007375.jpg,153,247,828,89,985,764,310,922,62,61,5.51
01740_007376.jpg,130,-18,632,30,583,533,80,483,59,60,5.60
01741_007377.jpg,351,-57,1042,199,785,890,94,633,41,29,5.14
01742_007378.jpg,43,25,253,38,239,248,29,235,79,62,5.97
01743_007379.jpg,286,35,393,70,358,177,251,143,30,33,4.11
01744_007380.jpg,171,151,960,103,1008,891,219,939,33,35,3.55
01745_007381.jpg,152,106,448,111,443,406,147,401,2,2,0.47
01746_007382.jpg,16,32,126,9,149,119,39,142,5,8,1.47
01747_007383.jpg,19,-75,617,-21,564,577,-34,523,39,36,8.01
01748_007384.jpg,65,8,175,62,122,171,12,118,18,25,6.19
01749_007385.jpg,114,140,287,137,290,310,117,313,4,44,4.87
01750_007386.jpg,38,19,134,32,121,128,25,115,50,60,4.58
01751_007387.jpg,-9,26,273,-21,321,261,38,309,58,40,12.13
01752_007388.jpg,36,41,90,33,98,87,44,95,69,90,3.80
01753_007389.jpg,166,110,258,100,268,193,175,202,18,16,1.09
01754_007390.jpg,33,17,171,25,164,163,25,155,50,67,6.98
01755_007391.jpg,30,17,170,25,162,165,23,157,30,20,5.16
01756_007392.jpg,70,80,802,182,700,915,-31,812,20,26,3.92
01757_007393.jpg,15,20,163,9,174,157,26,168,11,7,1.73
01758_007394.jpg,257,17,395,68,344,205,206,154,70,76,4.41
01759_007395.jpg,54,50,489,58,480,493,46,484,42,45,6.87
01760_007396.jpg,117,107,328,116,319,328,108,318,4,3,0.42
01761_007397.jpg,500,18,808,131,696,439,387,326,23,24,3.39
01762_007398.jpg,222,0,883,90,794,752,132,662,44,47,4.94
01763_007399.jpg,28,118,677,94,701,742,52,766,36,27,6.12
01764_007400.jpg,-184,-17,888,17,853,1090,-219,1055,24,28,2.86
01765_007401.jpg,151,104,274,109,269,232,146,227,21,18,0.78
01766_007402.jpg,16,-26,330,-4,308,310,-6,288,24,23,4.91
01767_007403.jpg,155,20,316,38,298,200,136,181,6,7,0.98
01768_007404.jpg,28,24,147,21,150,140,31,143,1,1,0.25
01769_007405.jpg,113,23,381,86,318,354,50,291,37,41,5.20
01770_007406.jpg,-7,4,248,-18,272,237,15,260,41,46,8.24
01771_007407.jpg,36,32,143,32,143,139,36,139,50,60,4.99
01772_007408.jpg,205,101,588,100,589,484,206,484,25,32,5.23
01773_007409.jpg,325,14,844,278,579,797,60,532,24,28,3.93
01774_007410.jpg,33,131,583,189,525,739,-24,681,41,40,5.35
01775_007411.jpg,29,-66,719,-9,662,680,-27,623,23,26,4.45
01776_007412.jpg,16,54,264,33,286,281,38,302,28,26,3.49
01777_007413.jpg,209,5,488,126,366,405,87,284,23,25,4.23
01778_007414.jpg,33,-6,177,8,161,152,18,136,49,54,5.79
01779_007415.jpg,32,39,98,29,108,94,43,105,7,8,1.30
01780_007416.jpg,31,26,126,26,126,120,31,120,90,90,2.45
01781_007417.jpg,-26,113,166,-6,286,187,93,306,61,59,8.20
01782_007418.jpg,20,15,169,14,170,164,21,165,50,52,8.38
01783_007419.jpg,55,69,915,57,927,917,66,929,37,32,4.89
01784_007420.jpg,81,-12,311,-25,325,204,94,218,1,1,0.42
01785_007421.jpg,33,35,114,28,121,108,40,115,28,18,2.35
01786_007422.jpg,17,14,184,11,187,178,20,181,19,21,3.43
01787_007423.jpg,304,48,985,107,926,787,246,728,37,44,8.78
01788_007424.jpg,125,61,411,9,463,295,177,347,60,77,3.03
01789_007425.jpg,182,85,382,92,374,292,175,284,11,12,0.89
01790_007426.jpg,115,-23,487,42,420,414,48,347,44,39,4.24
01791_007427.jpg,-50,-30,1188,84,1073,1322,-164,1208,42,40,4.76
01792_007428.jpg,440,-116,525,329,79,413,-5,-32,26,40,6.73
01793_007429.jpg,11,28,189,0,217,178,39,206,7,8,1.19
01794_007430.jpg,43,-2,253,29,221,239,11,207,28,35,5.75
01795_007431.jpg,-25,22,559,47,534,632,-50,607,37,46,7.59
01796_007432.jpg,186,63,908,116,855,838,133,785,38,43,5.48
01797_007433.jpg,49,107,287,119,275,357,37,345,19,46,10.15
01798_007434.jpg,226,35,783,34,784,590,227,591,62,70,5.40
01799_007435.jpg,13,23,198,0,221,184,37,207,30,35,5.45
01800_007436.jpg,184,31,923,23,931,762,192,770,22,27,4.96
01801_007437.jpg,321,34,667,50,651,396,305,379,51,40,4.58
01802_007438.jpg,293,109,363,105,366,175,297,179,6,7,1.23
01803_007439.jpg,42,18,161,31,148,151,29,138,50,50,3.78
01804_007440.jpg,122,75,537,97,515,511,101,489,51,50,3.46
01805_007441.jpg,288,62,399,54,407,166,296,174,29,18,5.11
01806_007442.jpg,90,24,413,16,421,339,98,347,30,41,6.17
01807_007443.jpg,51,-16,256,-16,256,187,51,187,23,27,3.49
01808_007444.jpg,17,29,154,11,172,147,35,165,49,45,10.54
01809_007445.jpg,168,49,380,28,400,240,189,260,86,88,2.42
01810_007446.jpg,-69,70,293,13,349,376,-13,433,25,31,4.85
01811_007447.jpg,-54,109,333,86,356,474,-31,497,74,69,5.12
01812_007448.jpg,386,166,613,159,620,385,393,392,37,45,5.19
01813_007449.jpg,245,167,913,218,862,887,193,836,49,47,2.16
01814_007450.jpg,32,49,396,-23,469,340,105,413,21,30,3.94
01815_007451.jpg,194,109,432,66,475,305,236,347,25,14,5.68
01816_007452.jpg,48,24,143,12,155,106,60,118,37,40,7.70
01817_007453.jpg,28,31,138,21,148,130,38,140,25,25,2.49
01818_007454.jpg,184,17,311,37,292,163,165,144,60,70,4.83
01819_007455.jpg,-11,14,224,-21,260,214,24,250,70,70,4.86
01820_007456.jpg,46,10,171,34,147,160,21,136,30,22,2.41
01821_007457.jpg,-15,19,214,-29,263,200,33,248,21,19,2.26
01822_007458.jpg,15,16,203,7,212,195,24,204,28,46,5.07
01823_007459.jpg,13,11,198,3,206,188,21,196,30,20,4.10
01824_007460.jpg,37,45,551,93,503,607,-10,559,43,40,5.35
01825_007461.jpg,51,-14,542,27,500,518,9,476,30,27,3.00
01826_007462.jpg,80,76,965,138,904,1023,18,962,55,50,3.04
01827_007463.jpg,195,182,826,228,780,859,149,813,45,34,4.77
01828_007464.jpg,222,5,407,3,409,188,224,190,44,50,5.53
01829_007465.jpg,25,21,160,18,163,153,28,156,5,4,0.47
01830_007466.jpg,46,71,764,100,736,818,17,789,42,37,3.93
01831_007467.jpg,-5,259,189,170,278,366,82,454,7,6,1.82
01832_007468.jpg,33,-41,1290,25,1223,1282,-33,1215,41,37,5.34
01833_007469.jpg,146,31,439,43,427,336,134,325,18,26,3.72
01834_007470.jpg,35,30,138,27,141,131,37,134,35,18,2.89
01835_007471.jpg,63,60,357,48,370,342,75,355,10,10,0.65
01836_007472.jpg,165,37,422,28,432,285,174,294,1,1,0.02
01837_007473.jpg,4,47,140,0,188,136,51,183,50,28,4.47
01838_007474.jpg,27,5,189,14,180,177,17,167,13,12,1.84
01839_007475.jpg,16,0,220,14,206,218,2,204,7,9,1.23
01840_007476.jpg,86,150,604,143,611,661,93,668,21,18,1.13
01841_007477.jpg,-18,-9,231,-8,230,240,-19,239,1,1,0.37
01842_007478.jpg,40,40,86,38,88,84,42,86,15,17,1.30
01843_007479.jpg,-181,221,653,45,830,880,-5,1057,32,25,3.02
01844_007480.jpg,18,11,200,5,205,187,24,192,7,8,0.95
01845_007481.jpg,256,149,382,143,389,269,262,276,30,25,5.19
01846_007482.jpg,12,2,235,0,238,222,15,225,18,20,2.28
01847_007483.jpg,86,-17,256,-31,270,138,100,152,5,6,1.04
01848_007484.jpg,-34,180,631,94,716,760,51,846,35,40,9.91
01849_007485.jpg,42,33,227,25,235,210,50,218,41,30,4.08
01850_007486.jpg,131,100,342,101,341,312,130,311,2,2,0.52
01851_007487.jpg,28,6,193,19,179,184,14,171,22,25,2.70
01852_007488.jpg,27,44,107,23,127,103,47,124,26,30,9.77
01853_007489.jpg,116,18,453,-28,500,307,164,355,19,25,5.55
01854_007490.jpg,59,152,439,139,452,519,72,532,42,40,8.72
01855_007491.jpg,1,14,192,-21,228,168,37,204,25,17,2.79
01856_007492.jpg,9,47,183,0,231,172,57,220,25,25,1.53
01857_007493.jpg,43,27,128,38,117,123,32,112,36,33,6.03
01858_007494.jpg,254,57,836,86,807,668,225,639,64,67,6.98
01859_007495.jpg,31,37,111,28,120,108,39,117,7,8,1.61
01860_007496.jpg,169,82,418,74,426,324,176,332,45,54,5.64
01861_007497.jpg,272,58,357,61,354,146,269,143,16,16,1.84
01862_007498.jpg,27,79,653,-25,758,600,131,705,6,35,6.21
01863_007499.jpg,59,85,339,41,383,321,103,365,14,12,4.22
01864_007500.jpg,214,9,478,23,464,287,200,273,30,39,5.79
01865_007501.jpg,176,125,286,117,293,226,184,234,1,1,0.51
01866_007502.jpg,34,-10,244,22,212,232,2,199,42,52,6.06
01867_007503.jpg,16,6,193,6,193,184,16,184,30,36,4.78
01868_007504.jpg,-42,29,36,23,42,102,-36,108,1,26,1.56
01869_007505.jpg,-36,-57,942,-82,967,896,-11,921,38,41,6.18
01870_007506.jpg,40,34,121,35,120,116,39,115,6,10,1.46
01871_007507.jpg,144,86,574,82,578,512,148,516,31,45,7.30
01872_007508.jpg,22,68,690,51,707,719,39,736,39,32,5.13
01873_007509.jpg,114,48,370,10,408,266,152,303,50,49,3.52
01874_007510.jpg,12,-29,324,-7,301,304,-10,281,26,23,2.37
01875_007511.jpg,114,-46,371,-41,366,215,109,210,30,44,4.35
01876_007512.jpg,110,67,379,50,396,318,127,336,25,22,3.27
01877_007513.jpg,24,33,136,19,151,131,39,145,50,57,5.82
01878_007514.jpg,136,31,340,37,333,241,130,234,30,35,3.86
01879_007515.jpg,24,24,154,15,163,145,33,154,40,35,4.94
01880_007516.jpg,25,31,158,11,177,145,44,164,1,1,0.54
01881_007517.jpg,4,-39,445,-38,444,402,3,401,26,27,4.18
01882_007518.jpg,420,276,610,333,553,522,364,465,49,50,3.49
01883_007519.jpg,-11,10,280,-17,308,274,16,302,16,17,1.91
01884_007520.jpg,85,37,634,3,669,552,120,586,34,41,6.80
01885_007521.jpg,20,-67,450,-10,392,419,-36,361,51,50,8.05
01886_007522.jpg,456,-200,837,47,589,428,208,180,1,1,1.71
01887_007523.jpg,395,8,1199,321,886,1125,82,812,46,30,3.15
01888_007524.jpg,128,45,569,74,540,515,99,486,35,30,4.94
01889_007525.jpg,-142,-48,1064,-50,1066,1156,-140,1158,23,21,4.27
01890_007526.jpg,37,36,110,33,113,106,40,109,90,90,3.74
01891_007527.jpg,34,41,115,31,125,112,44,122,6,8,1.72
01892_007528.jpg,37,43,103,34,111,99,46,108,10,9,1.13
01893_007529.jpg,186,71,413,21,462,248,235,297,1,1,0.04
01894_007530.jpg,154,41,366,-6,413,205,201,252,29,18,2.65
01895_007531.jpg,50,85,591,26,651,567,110,626,32,47,6.24
01896_007532.jpg,195,267,628,163,732,596,299,700,36,34,12.03
01897_007533.jpg,278,48,370,50,368,142,276,140,37,32,6.57
01898_007534.jpg,38,28,121,35,114,118,31,111,21,16,2.09
01899_007535.jpg,24,-9,273,10,253,260,4,239,4,4,2.28
01900_007536.jpg,208,72,339,94,316,225,185,203,4,3,0.91
01901_007537.jpg,211,148,347,117,378,252,243,283,8,8,1.82
01902_007538.jpg,44,31,109,38,102,103,37,96,71,72,5.60
01903_007539.jpg,217,78,869,180,767,833,114,730,46,46,5.99
01904_007540.jpg,192,78,805,136,747,749,134,691,38,40,6.66
01905_007541.jpg,57,8,157,48,117,149,16,108,70,65,4.72
01906_007542.jpg,-20,10,211,-36,258,195,26,242,27,35,5.44
01907_007543.jpg,11,23,161,9,175,159,25,173,27,29,4.63
01908_007544.jpg,90,-25,297,8,262,215,55,181,28,28,4.00
01909_007545.jpg,-64,-158,746,-108,696,702,-115,652,75,65,5.69
01910_007546.jpg,86,41,348,34,356,296,93,304,31,30,5.39
01911_007547.jpg,180,64,392,53,403,264,192,276,5,6,0.99
01912_007548.jpg,260,34,501,101,434,342,193,275,10,3,0.54
01913_007549.jpg,50,-76,233,-113,271,69,88,106,60,61,7.24
01914_007550.jpg,140,25,830,47,808,737,118,715,36,30,2.25
01915_007551.jpg,247,56,424,-1,481,175,304,232,1,1,0.06
01916_007552.jpg,125,-2,340,7,330,222,115,212,29,28,4.02
01917_007553.jpg,30,22,157,21,158,148,31,149,40,33,9.02
01918_007554.jpg,-58,21,169,-37,228,190,0,249,2,2,0.21
01919_007555.jpg,84,-4,333,-64,393,185,144,244,50,46,4.71
01920_007556.jpg,13,63,901,0,964,888,76,951,42,42,3.92
01921_007557.jpg,296,84,997,173,907,874,207,785,29,25,4.42
01922_007558.jpg,22,16,167,14,169,160,24,162,23,28,4.87
01923_007559.jpg,215,-29,510,95,385,390,90,265,18,25,6.36
01924_007560.jpg,16,-11,242,3,227,229,1,214,11,10,1.80
01925_007561.jpg,27,14,200,17,197,189,24,186,25,29,2.81
01926_007562.jpg,153,61,639,13,686,499,200,547,35,42,7.92
01927_007563.jpg,277,61,421,83,399,228,255,205,8,6,4.05
01928_007564.jpg,35,29,124,28,125,116,36,117,1,3,1.94
01929_007565.jpg,112,-39,258,-3,221,142,75,106,2,8,28.20
01930_007566.jpg,386,42,555,68,529,237,359,211,6,6,1.63
01931_007567.jpg,-43,-391,849,-299,758,593,-135,501,35,32,4.01
01932_007568.jpg,235,178,285,175,288,225,238,228,1,1,0.27
01933_007569.jpg,128,-67,506,-25,464,352,86,310,25,28,3.87
01934_007570.jpg,44,4,199,31,173,186,18,160,38,50,8.37
01935_007571.jpg,116,19,270,27,262,181,109,173,34,27,3.33
01936_007572.jpg,90,12,228,18,223,156,84,150,22,26,3.41
01937_007573.jpg,95,107,242,104,245,252,98,255,21,18,2.94
01938_007574.jpg,13,7,220,5,222,212,15,214,16,17,1.40
01939_007575.jpg,16,26,155,9,171,147,33,164,40,39,6.98
01940_007576.jpg,21,125,490,61,553,530,85,593,78,62,5.99
01941_007577.jpg,34,10,210,23,197,200,20,186,5,6,1.41
01942_007578.jpg,32,20,170,26,165,164,26,158,46,53,4.00
01943_007579.jpg,216,77,305,79,303,168,214,166,17,18,4.36
01944_007580.jpg,36,12,168,28,152,160,20,144,30,30,4.53
01945_007581.jpg,-12,-100,536,-177,613,372,63,448,30,25,4.59
01946_007582.jpg,265,115,807,97,825,640,283,658,46,47,4.02
01947_007583.jpg,40,24,133,34,123,127,30,117,11,9,1.68
01948_007584.jpg,73,5,244,-17,267,154,96,177,64,60,5.89
01949_007585.jpg,12,40,136,7,169,131,45,164,30,35,7.63
01950_007586.jpg,10,7,735,-41,785,683,60,732,37,29,4.75
01951_007587.jpg,9,-28,288,-6,267,272,-12,251,38,34,5.09
01952_007588.jpg,12,16,201,-1,220,187,31,206,30,30,4.25
01953_007589.jpg,350,53,492,76,470,218,327,195,16,18,2.39
01954_007590.jpg,26,27,148,17,159,139,36,150,18,35,10.20
01955_007591.jpg,-36,127,894,129,892,1060,-38,1058,27,30,6.44
01956_007592.jpg,-149,153,552,-51,757,651,55,855,49,43,4.76
01957_007593.jpg,81,4,234,11,226,165,73,157,38,34,4.05
01958_007594.jpg,33,32,126,30,128,122,35,124,5,9,1.39
01959_007595.jpg,33,20,140,24,136,131,29,127,65,65,3.30
01960_007596.jpg,75,143,240,123,260,288,95,307,1,1,0.03
01961_007597.jpg,135,101,865,-48,1015,681,284,831,26,18,3.22
01962_007598.jpg,-6,-5,481,-80,555,407,68,481,28,34,4.04
01963_007599.jpg,207,109,292,111,290,195,205,193,1,1,0.74
01964_007600.jpg,42,41,85,40,86,82,43,83,10,13,1.81
01965_007601.jpg,357,222,534,226,530,402,353,399,23,26,2.90
01966_007602.jpg,-50,126,359,78,408,488,-2,536,1,2,0.50
01967_007603.jpg,17,17,174,12,179,169,22,174,29,32,4.94
01968_007604.jpg,140,-105,436,-94,425,201,129,190,24,27,6.13
01969_007605.jpg,35,13,173,26,159,164,21,151,5,5,0.73
01970_007606.jpg,-116,205,794,98,901,1010,-9,1117,27,31,5.33
01971_007607.jpg,178,-18,374,-17,372,178,177,176,10,10,2.42
01972_007608.jpg,-13,13,133,9,137,156,-9,159,14,16,1.89
01973_007609.jpg,49,37,317,10,345,278,77,306,37,47,4.30
01974_007610.jpg,18,21,125,13,133,120,26,128,28,34,8.05
01975_007611.jpg,-22,97,202,60,239,285,14,322,20,27,4.51
01976_007612.jpg,179,22,452,5,469,278,197,295,47,43,7.21
